subj_id,r_int_c1,r_int_c2,r_len_c1,r_len_c2,r_freq_c1,r_freq_c2,r_surp_c1,r_surp_c2,r_prev_len_c1,r_prev_len_c2,r_prev_freq_c1,r_prev_freq_c2,r_prev_surp_c1,r_prev_surp_c2,measure,mode
1,0.10543003362004988,0.08749490081802062,-0.03442177036332427,-0.014244774572235806,0.02324718520807673,0.001367474813781977,0.009192861814000485,0.0060616815054780815,0.006715815075767629,0.0030271012958445736,0.007963932886685466,0.002575329427289658,-0.0019232954275834758,-0.00980729376520249,gaze_duration,geconl
2,0.07341299661526803,0.05372583073852516,0.0033605227921615164,0.03945719636180345,0.012943098774184444,-0.0028251703607080347,0.004831565491221874,-0.016023633409379835,-0.0404136681998492,-0.0321342676284286,-0.00551433171593241,0.010792702877565882,-4.017547607904304e-5,0.014625092073844341,gaze_duration,geconl
3,0.12987568326804486,0.10319801457823276,-0.012827609807823498,0.003939489165239191,0.009461313909338303,0.010388254562230992,0.009690036620410557,-0.005777038561046873,0.029117702917235713,0.010024733925328108,-0.0029664035342782348,-0.02471868862273123,-0.0034801120026753058,-0.010851522272160314,gaze_duration,geconl
4,1.98489833688997e-4,0.025124133751063107,-0.01053145328107956,-0.01126898651251499,0.012651943177591139,0.018290166844986546,0.006321295060477291,0.005871179148835721,0.019936062784986414,0.023132502784681375,0.018587822220533817,-0.013465543440710949,-9.447923526686302e-4,-0.008598119901475128,gaze_duration,geconl
5,-0.3167909342734763,-0.24924402680155197,-0.013122236948799567,0.0014970624108742365,-0.00940365047522452,-0.036733097622088144,0.01555261603019551,-3.981840831898735e-4,9.24287078325374e-4,-0.01723817831707715,0.004901891531104436,-0.012619135375974701,0.007570197703667678,-0.0011596484219348886,gaze_duration,geconl
6,0.17132683806898136,0.2433055317885695,0.06300986515870856,0.09969697040857275,-0.03800771200213794,-0.045268680624497785,0.004049929045738852,-0.004203702183025665,-0.009282360395731342,-0.018324896507797814,0.01479067985584612,0.01788485632006008,0.007996935867030753,-0.0019131877657988636,gaze_duration,geconl
7,-0.01809865884095837,-0.03210251261823435,-0.007698324514741555,0.024480793811705027,-0.005343407374602891,-0.01850191356875011,0.006759486957885714,-0.013076494280828441,-0.019666757160867895,-0.018288237143901147,-0.010644874689594916,-0.005546231790910944,8.328158597675572e-4,0.005573098378325682,gaze_duration,geconl
8,-0.026378903574744584,0.04440741146751908,-0.02966183093663894,-0.009813838469783334,0.011792511849697367,0.007727681954095024,0.016757835550997465,0.016335668362885695,0.058747856451763655,0.06435585031349442,0.009560808800483541,-0.05181409107799234,-0.0033691361705380464,-0.01919679531802887,gaze_duration,geconl
9,-0.1475064684032331,-0.1456930930814772,0.003177076030754161,0.024775044795899114,0.008254966878643789,0.008275342371166197,0.006599282787281778,-0.009338580708016554,0.027970303126430025,0.02411912556805884,-0.0030055518122588483,-0.009183729955522413,0.0036173280330075584,-0.0040677642704228115,gaze_duration,geconl
10,-0.04131681419928583,0.08058991480894712,-0.04093279244447382,6.568285218872914e-4,0.004690831964412412,8.371192894422433e-5,0.006368350286357037,0.004470050258803929,0.006211986276678051,-0.004880095341581324,0.00689108132840209,-0.0026109053904031115,-9.967856486546136e-4,-0.006914937021871445,gaze_duration,geconl
11,-0.11702016833122358,-0.10981354062873716,-0.029910526451597325,-0.007896176530354748,0.016341690483208087,0.0061275932356531825,-0.004155293107991642,-0.018089603921055707,-0.009843569357738722,-0.007399638725429024,-0.0021735617059863567,-0.011965159749798749,0.003550477050818197,-0.004516461149208003,gaze_duration,geconl
12,0.01545114933352315,-0.012230656994196874,0.009075804812734624,0.00861723290659717,0.0043708458588375436,-0.009074974880884917,-0.00217803604613008,0.014740848942541629,0.004842521304334627,0.011595511549034224,0.020131063661772645,0.003664368038014455,0.005978536949386187,-0.00846921480657678,gaze_duration,geconl
13,-0.06659229780349928,-0.03277992388429931,-3.850353424811448e-4,-0.0046729921918740045,-0.017163379216161668,-0.02029783709092914,-7.807080775803362e-4,-0.004133603916372328,0.007058181879247587,-0.0020991484042426583,0.005939638302655007,-0.004996311173906661,0.0021735091303055677,-0.0023823406232476012,gaze_duration,geconl
14,-0.07500675131532936,-0.06158571697770168,0.002183865904526229,0.010686402878946955,0.005169200163642187,-0.002069483958137201,-0.006382165248801435,-0.010154025970697847,-0.009354270716518457,-0.0071358384379836305,-0.005478826796950941,0.0012160604397869717,0.002712433434811106,-5.711099678489218e-4,gaze_duration,geconl
15,0.10607765175590285,0.1418466438286479,-0.013239338485174201,0.005694063883355379,0.01774226021924844,0.007723713710627793,0.00802410568414473,-0.01728169178605512,0.031597062747145,0.010384942442771307,-0.007677360744060681,-0.012701108599151406,-0.004028395308777868,-0.005298508584574907,gaze_duration,geconl
16,-0.09551261602914474,-0.010105592759899154,-0.053393210153139456,-0.052321343143518155,0.016276880718475994,0.006276933369602669,0.005801502617958295,0.009893925272432918,0.008762191973525848,0.0017920289055848096,0.0175626976309892,-0.005786160817245165,-0.0020921508638534706,-0.009256948893925445,gaze_duration,geconl
17,0.22132400283013204,0.2224573746330387,0.037981411158552233,0.04784889306099673,0.011302318878855933,-0.035825883069362165,0.031609284016256,0.004724866546555335,-0.008508605039843426,-0.03873303617662053,-0.018699960688061866,-0.024337584853577007,-0.004502394610871499,2.6106402389629085e-4,gaze_duration,geconl
18,-0.13642438033597173,-0.08595730737761496,-0.028655687206933227,-0.008887501384772187,-0.0014862399680145616,0.0027963006983047945,-1.3901977431923782e-4,-0.017137740436000217,-0.0014740692831820435,-0.014405367852316062,-0.0073813068068937894,-0.005027630369073984,4.7364350551058564e-4,0.005221210757172099,gaze_duration,geconl
19,-0.11182736054274095,-0.14709571424317908,0.0032497118959431822,0.0027950107645422313,-0.004259345846437471,-0.01496149632292894,0.0018787222100777492,-0.012918893726125051,-0.017549910517098966,-0.022716618360865123,-0.009986329052995452,-0.005468503935844496,0.0015539123955272116,0.013986212544753965,gaze_duration,geconl
1,-0.2077134284434639,0.048493093878975185,-0.013768791689424326,0.02920683169104636,0.00670837475137946,-0.017711147610184042,-0.0011521918978077746,0.002641887205242238,0.03671988409288329,0.004617628356908629,0.012074175502226897,-0.013079766338793878,-0.0015622371271799193,0.0012243643601816255,gaze_duration,gecozh
2,0.02557346634339637,0.20675504338448783,-0.0334027634712926,0.021392229122555433,8.451466362715675e-4,-0.035171640731953,-0.004145021044554078,0.0024061156959755987,0.003750530791183317,-0.007645110831209674,0.010938181721305892,-0.005056445796414475,0.0035450427483099266,5.043506709191606e-5,gaze_duration,gecozh
3,-0.132532821055956,0.17088545056511714,-0.008567225363744746,0.02537062353330475,-0.003801405679039308,-0.0313454189068958,6.388814378217786e-4,0.003125980476637408,0.05023957416624497,-0.0020465251558294956,0.02254128165495486,0.002198824615826272,0.0030899717726112514,-7.506981290675672e-4,gaze_duration,gecozh
4,-0.09463720484649056,-0.040768632531239225,-0.031625728407062494,0.002090822220530874,0.00409751543351319,-0.0075076941181543054,-0.00429153867894236,-0.0035886115995713485,-0.0037183774478779085,-0.004245051725816873,-6.179773346391686e-4,-0.006547554698402973,0.0029040807430905204,4.44302704836624e-4,gaze_duration,gecozh
5,0.08819528968673103,0.3202143456517399,-0.03339483748406916,0.006834785980344968,-0.004547803988747495,-0.030407258227263367,1.0959788898975085e-4,0.0037737271270703527,0.028880308332508882,-0.010052994979199585,0.026799648552922307,1.3608175215884386e-5,0.005677024963520378,-3.724488639225206e-4,gaze_duration,gecozh
6,0.05898903363333992,0.32817117266060236,-0.015040444044569274,0.030079675968331037,0.00928731217304302,-0.02314924346161793,7.918129541221048e-4,0.0030653142712221645,0.015214255982056186,6.000710907563093e-4,0.009159638742833785,-0.016387597604124338,0.0010639296025228184,-0.0012366486388215641,gaze_duration,gecozh
7,0.11229609931537947,0.6260812073438747,-0.025879495200100678,0.028003362184027977,0.002719866410568587,-0.03975881817433984,0.004805630985218295,0.011344321182233592,0.05196012247021056,-0.00734438825669926,0.025529818726310185,-0.016145007963950735,0.003239635604985229,0.0011478089060986646,gaze_duration,gecozh
8,-0.24992348527029853,0.1177200583738047,-0.02614658634434092,0.022687261636174235,0.007567281309582626,0.0029636950480617973,6.906840244364517e-4,0.00455865332295981,0.03878322449359758,-0.0035787849252405606,0.027154992825847536,-0.006317527064893717,0.0024501357347088866,-0.004342748516250945,gaze_duration,gecozh
9,-0.2408744453984882,0.1402990384285051,-0.0019155801852786423,0.050085825015998786,-0.007381428719853617,-0.04429526244317338,0.0021913722685469312,0.004967226611522864,0.04681042970839199,0.004614088347326689,0.025363365691786408,-0.015322716256479428,7.692448143396837e-4,-0.0016604250537528215,gaze_duration,gecozh
10,0.023498453705643536,0.19108136730181807,-0.03088228498029492,0.00438663862634194,-0.0029433257095056184,-0.01827414996047694,-0.002027310125324527,0.008703710632391688,0.022162793468663657,9.547820419269506e-4,0.018184657214512887,-7.354539151782814e-4,5.869177096737033e-4,-0.0045781229384663094,gaze_duration,gecozh
11,0.050848494942306824,0.24500978751680813,-0.02798152018001954,0.028192169057114243,-0.010875341769807607,-0.039166600264999414,-4.444849925248612e-5,0.004863875284045176,0.004653035428756261,-0.00426886214783648,0.01344384685037223,-0.00808173804466725,0.005961480240775425,0.001185176678950633,gaze_duration,gecozh
12,-0.39405894179488593,-0.10635222360215614,-0.01994447575306375,0.019909458973688395,0.012520158773810006,-0.0015793772653949162,0.002831726001301346,-0.0041628598372675405,0.04461363166345355,0.0029884688838231433,0.034138517604984035,-0.02058540599741132,0.006161791509433502,-0.0014450566017370492,gaze_duration,gecozh
13,0.20626111780156528,0.34785005231201027,-0.04247600654611118,0.010502100721425621,5.155369025180605e-4,-0.030757247435223067,-0.00448316308070935,0.0032206489139379856,-0.003097050741331799,-0.003925219430956459,0.0045784091703918945,5.27091716403675e-4,-0.0018313616337733555,-4.901999119841192e-4,gaze_duration,gecozh
14,0.03890404680195007,0.3622794113429775,-0.010088912296143226,0.009700747881141562,0.0015321769118028402,-0.043305547221412215,-0.0011031732607368107,0.004765691971930748,0.05746005471923614,0.0017991252528012198,0.015762254210602088,3.2503466432086154e-4,-0.0038738343585517066,0.002024617214358438,gaze_duration,gecozh
15,-0.1183235968681536,-0.3239119326537021,-0.042067909185803554,0.020217210168640063,0.001016842266751707,-0.011158994007367473,-0.003910400425066972,0.001010567441244667,-0.004842464783106889,-0.006736236477310785,0.007489905417682763,2.6953130215037324e-4,-0.0017881644977634566,-0.0032105246924134002,gaze_duration,gecozh
16,-0.2726768583698393,0.24779364102981757,-0.00255423345950733,0.037391300826531124,0.013388397363317582,-0.02808774786126342,0.006540151745521593,0.006883313165127321,0.07814788897990352,0.013373071877323948,0.037309692940220934,-0.016897692179421938,0.001445385529096867,-5.5738268919115194e-5,gaze_duration,gecozh
17,-0.1098252999845791,0.040730933316260515,-0.0143278160044352,0.02586667757961028,0.006814946010505344,-0.014129553940962224,-0.001821561891258049,0.001769050498856229,0.009338137310279004,-0.011398666482384343,0.009630053366385146,-0.00153266596372146,-1.0743062707518652e-5,9.086614745848054e-4,gaze_duration,gecozh
18,0.028190933985499014,0.29421075664357904,-0.013501273778542185,0.023081894920273974,7.528627578871105e-4,-0.03549159701410099,-0.004380116172782492,0.0017248441183370445,0.021945241296110887,-0.010579332449208187,0.01483633120160591,-0.00488947673495297,-2.5820478826140347e-4,9.319363449268752e-4,gaze_duration,gecozh
19,0.13664206822696431,0.44685994440557786,-0.03591614348383895,0.02877763625617747,-0.020432587547438368,-0.08026085830852822,-0.003738844639582389,0.0013936785834148893,0.0024882416280805927,-0.009851382897294078,0.016186100288895684,4.4574091396501876e-4,0.007007957194951499,-9.96195980561056e-6,gaze_duration,gecozh
20,-0.08914788800222097,0.008667599873233546,-0.040777190042022786,0.02019943210549896,-0.0019440453247039392,-0.01201406745026316,-0.0024779679970920333,0.0056946642808566525,0.012895311567511334,-6.753206288901566e-4,0.012244166406982494,-0.00931562977767564,0.0012743264758235983,-0.001953007827538558,gaze_duration,gecozh
21,-0.05989645125678847,0.29899744878140627,-0.0203013711673045,0.028603446781442846,-0.002360698737229379,-0.033343661612919,3.0432883961131524e-4,0.005474187594975543,0.025904414886776226,-0.003545287468937446,0.022500841840782344,-0.007051220980373979,0.006335975068445642,-2.561764958322825e-4,gaze_duration,gecozh
22,-0.03867694706560141,0.21385904995644417,-0.03213320168489353,0.008483748895905991,-0.0023729425134421714,-0.030750485311227253,-0.0014075797576010626,0.00827673771956942,0.018295767278952036,-0.006583164984776407,0.011507210687118677,-0.004812210776236853,0.004086798164217672,9.285053794325123e-5,gaze_duration,gecozh
23,-0.06193933976967657,0.16127872930486956,-0.02584190964552829,0.022315767399670415,-3.98518378388143e-4,-0.01802605481721185,-0.0043337607340022165,0.0013402145090155647,0.006644661734027584,-0.0010063533555742066,0.005274949061330451,-0.012081061003125582,0.0027267616963523957,-0.0022306705286739077,gaze_duration,gecozh
24,-0.04123912213501631,0.4505431078085513,-0.03649597462112799,0.045774173068367424,-0.007618837983242363,-0.06512039859092833,0.0012459931892210585,9.94846837024634e-4,0.04422833160994902,-0.02717690191540864,0.02989630437207515,-1.767332396822126e-5,0.0067452038730429755,0.0027470275834985585,gaze_duration,gecozh
25,-0.02066802783791532,0.13288974786523183,-0.008727811606381879,0.02406310518873258,0.002550577920366946,-0.039665221591764104,-0.004573718783688409,0.0015063848912074745,-0.015459378291538173,-0.0021401066770939713,-0.005255956422387328,-0.0010369935622071438,0.0016897555897989833,-2.4797528708571197e-4,gaze_duration,gecozh
26,-0.05666765871258025,-0.044274649571645085,-0.031347350887880876,0.006461107914989614,0.005940780560613606,0.0044704503076793455,-0.0036725342061769777,3.261812025454956e-4,0.020907752735156264,0.0025599112628724024,0.014252700533834284,-0.005232639912941605,-8.65215864674002e-4,-0.0025573691764502015,gaze_duration,gecozh
27,-0.2801538462985421,0.0083342931523563,-0.026022679866085106,0.01803813576768004,0.013923707938385077,-0.01407863572644271,5.665195899348378e-4,0.0012597770438508712,0.040047076657287,-0.0017081922433398466,0.026839611855673018,-0.0028422309122224667,0.00460129764781675,-0.001726957774469578,gaze_duration,gecozh
28,-0.03386596330566031,0.10979693941639371,-0.04088631275679679,0.022868073245823135,-0.010003437931578308,-0.03253627373183174,2.734827418835822e-4,0.0015587996166533942,0.02404461907198628,-0.014072627702022668,0.020474227633966956,0.006060323687078077,0.005848823067649831,5.357622203355505e-4,gaze_duration,gecozh
29,-0.029434415567998237,0.206030550566289,-0.03539636108014446,0.015983955317541404,-0.009004583776912071,-0.04059729527199347,0.0037375768188043757,0.004175445268032456,0.04126552853661921,-0.012416285017674172,0.026969813726857483,0.0015109127327705447,0.0045044995437244625,0.0013087904092391998,gaze_duration,gecozh
30,0.038713041400716235,0.3201027353104074,-0.05001153322852695,0.03178397489758539,0.004398695183184698,-0.027890359021562266,-0.0032907704486230785,0.0010492145210690075,0.02463677243909085,5.551515564216345e-4,0.019254319391546832,-0.011057717479624229,-0.0026429450895383887,-9.424877434756577e-4,gaze_duration,gecozh
1,-8.712950322050025e-4,-0.043168133329,-8.969861287024999e-4,-0.0071861163172925,1.554822174161999e-4,-0.00209627112841,1.351216924541751e-4,-0.0038387288226075004,2.9616469492187505e-4,-0.0053351208108825,0.0053045968977275,0.0078849640691375,-0.0054459153545975,-0.0122761675141875,gaze_duration,hkc
2,-0.09963612795,0.0034840535610349993,-0.0042253389562675,0.01096813700579,0.00232864043420225,-0.011955644421885,5.486396188852501e-4,0.01253293535605,3.14814262931625e-4,-0.0012632490902837498,0.0014485563117160002,-0.001075818948865,0.0057982799024725,-0.00624760895436525,gaze_duration,hkc
3,0.017528619259315,0.08155691617500001,-0.0066094030263575,1.0638064570824959e-4,-1.327633794609999e-4,-0.0057075327822525,0.00104273357163775,0.0314926856555,-4.51649415676125e-4,0.0098061328956635,0.0032219238421425,0.0070541655420425,0.012091862590355,0.01568906013632,gaze_duration,hkc
4,-0.11461547835000001,-0.0806839890225,-0.0036401986278000002,0.006960485554070001,0.001429749072440275,-0.014954023733080999,3.944004931371251e-4,0.03478127249425,5.343839440685001e-4,0.0103597195749625,-0.0056915277124645,-0.0089867559526475,0.00443854708847025,0.02867531794325,gaze_duration,hkc
5,0.09382770375,0.112697163325,0.004991251833625,0.021261487215925,5.977951603609253e-4,-0.024616515678,-0.0018253784262734997,-0.04483177095,-2.0711459199824984e-5,-0.01691368639235,-0.00207587749320275,-0.0181311193584425,-0.0041894843543050005,-0.02746359649675,gaze_duration,hkc
6,-0.031301043350975,0.0696301522,0.021282529923759726,0.019316601429175,0.0011881181497831752,6.322609753100002e-4,7.6024686799625e-4,0.0394704675275,-6.583813715485499e-4,0.016231299855025,-0.00438147329523,-0.0015840873302925,-0.0041622349135650005,0.015017096385925,gaze_duration,hkc
7,0.256559961,0.1970194865,0.0147845025322675,0.04354428595,-0.0015949780359404248,-0.00512915993947225,-0.0011623406517355,0.021872071941335,-6.376858645469748e-4,0.00651325026873,-0.005353041873437,-0.01127535368587,-0.00168623434652,0.0118234613195775,gaze_duration,hkc
8,0.05123503213425,0.12346956525,-0.013969387459032501,-0.00175776275674,5.602235310210001e-4,-0.0051320964536625,2.1685670216262494e-4,0.00807528002949,-3.6426243301032493e-4,7.639407897549998e-4,0.007426623795875001,-8.073877241125004e-4,5.128465220325e-4,-0.0067699359355325,gaze_duration,hkc
9,0.031165047304575,0.027142028213225,-0.0094641292024005,-0.00994322471626,3.9351698503350026e-5,0.006274356860573,5.964760461312173e-4,0.021803599655735,-3.0649448652857506e-4,0.01065083065619,0.009061377428975,0.0108724964855575,-0.0029972310567325,0.006929837662935,gaze_duration,hkc
10,-0.080879974575,0.028534802702875,0.0084864378690325,0.045195225875,0.0020234239618569998,-0.0312464166075,-1.2714484836224996e-4,0.009958728650645,4.442771158599996e-4,-0.0010878616147574998,-0.0145932373062575,-0.0239983610455,0.0026540052965025,0.0043792997441525,gaze_duration,hkc
11,0.22587590825,0.15521052655,0.009213934920075,0.027020210489,-8.1637033345625e-4,-0.0104858476193775,-1.5372589147624998e-4,0.01404530570332,-5.976019241147501e-4,-0.0085378548829225,0.0051307793346575,0.0050696947676625,-0.0060149329565625,-0.00692382880923025,gaze_duration,hkc
12,-0.1856457135,-0.22851163124999999,0.0048244357479095,-0.018177140842675,0.0012682500646835,0.015231491940113,9.436225575427499e-4,0.013835708389022499,6.368964936190001e-4,0.0058080189068249995,-0.0053353177369387505,0.008994409606874,-0.0032966967097975003,0.01578939483658075,gaze_duration,hkc
13,0.089825580975,0.137186252375,-0.0015348605971624997,0.03258039395675,0.0014214921869052499,-0.0234097227082,-6.0621549523771e-4,0.0319643418255,1.3360207509075016e-4,-0.001133524550971075,0.003401436847755,2.4021928951599997e-4,0.007591445400280001,0.0143886013859175,gaze_duration,hkc
14,0.20714504825,0.2536606675,0.032571537484999996,0.072711718875,9.187182440107498e-4,-0.03363311910625,3.794305341572501e-4,0.02181848274385,-0.0019946925659835,-0.008405801230642499,0.002429194653545,-0.006110050196894,-0.015260954677075,-0.02102981257625,gaze_duration,hkc
15,-0.00848629280765,0.0692518794425,-0.01113930371846,-0.0036535417576000003,5.57703666421e-4,-0.0014256291030149998,-3.6461242354225004e-4,-0.0098690133913975,-1.4191406138097258e-4,7.561511731824999e-4,0.0013108312306799998,-0.0084488431256525,0.0024200733934925,-0.00665160549267,gaze_duration,hkc
16,0.115567018975,0.1805817855,-0.00299473750134,0.022143991125,-2.4361614472299985e-4,-0.0058520211729425,2.9271846286625e-4,0.041687280205,1.0252819929424985e-4,0.014157279689865,-0.0080357971012375,-0.0099481785410675,0.0044363119993999995,0.0236211208535,gaze_duration,hkc
17,-0.041541465093225,-0.0340661585367,-0.0169036320207625,-0.019330606310785,0.0019293010982152498,-0.008711610696006,2.533165133663499e-4,-0.017764701710075,-1.6077697170349995e-4,-0.0054971095594025,0.0048747295946425,-0.005821916261755,-0.00436154123149925,-0.02426553333525,gaze_duration,hkc
18,-0.173670792375,-0.09395877745,0.004103163946135,-0.00538896476266,0.0017228308085342502,-0.00215103232795,0.0013510509479943498,0.03056458363888,4.2083325193622493e-4,0.01209282834187,-0.003131535988945,-9.257226907157499e-4,0.002642289445405,0.020214688203275,gaze_duration,hkc
19,-0.07382750980025,-0.04976985327525,-0.021338106491225,-0.00338758321759675,6.109399350300001e-4,-0.0016586198093499998,-7.0045464511925e-5,0.0067189037823775005,1.484206896535e-4,0.00312241388137,0.0022937554682100005,-9.808761015694999e-4,0.011381265411581,0.0032325960575467503,gaze_duration,hkc
20,-0.0460217514333,0.015495381831390001,-0.0033560448903799996,0.0289348334215,0.0024176897253345,-0.018305957928725,9.039511572312491e-5,0.0174137967941025,2.7530455975725013e-4,8.738474786550424e-4,-9.559902760179997e-4,-0.00903318850165,-0.003490029169375,9.048311612360001e-4,gaze_duration,hkc
21,-0.078546533625,0.018442871320512498,0.0052387819879125,0.020936148568575,0.0032691099949952495,-0.0356561297025,0.00163688732300175,0.070726023625,4.247160340622502e-4,0.0132953188962775,-0.0042299530035879995,-0.0090868434207875,0.0066322161471825,0.0230453380935,gaze_duration,hkc
22,0.080870294,0.08744639925,0.0082753233716525,0.0339185396725,8.647241510601994e-4,-0.01228919663238,7.153817146710001e-4,-0.0118296546868475,-0.0010997625727924999,-0.016773419677325,0.00773029890415725,0.00776609761335,-0.014453991871125,-0.046341522925,gaze_duration,hkc
23,0.044625938508750004,0.069292999325,0.008375648650942499,0.0316819723725,0.00089796179919282505,-0.0231662875252,7.862158567082484e-5,0.01714103555395,-2.3020238334249988e-4,-0.0057334013551750005,0.0012989989639015,0.00468100923065,0.003571550637455,-0.01095111183255,gaze_duration,hkc
24,-0.05926499567225,-0.035671373979475,-0.0035812442799,-0.005007667634499,0.0010238267944829996,0.0040414985991475,4.8581954714075026e-4,-0.034909370111475,-4.957797505659999e-4,-0.011452846753525,0.0029023418159149997,-3.031042715160001e-4,-0.00760770245171,-0.0370993096675,gaze_duration,hkc
25,-0.0835923591025,-0.01108066998944,-0.0062229142351175,-0.0051122643528800004,0.00165646909632735,0.0059171361572725,0.0010969804533397499,0.0388920916775,-1.2504674253579996e-4,0.008730250881575,0.0077889454111275,0.0129316295939125,-0.0050583806479775,0.0055453171413749995,gaze_duration,hkc
26,-0.06883508790775,-0.119504778475,-0.019830423292575,-0.01702659579728,5.1260373503575e-4,-0.013338083267565,-2.3736570877547485e-4,0.03438083504525,0.0010091182487293748,0.0077143909340425,0.0023273813470875,-3.559488509875003e-4,0.0072487940161275,0.018652376477275,gaze_duration,hkc
27,-0.046982884749225,0.0443059212305,-0.0172058503928,0.0018695964954000002,6.945150375547975e-4,-1.225370957437499e-4,9.631555003134252e-4,0.005828653657282076,-9.290356747200004e-5,-5.952700985349999e-4,0.004681412934455,0.006611076351668,0.007504011966555,-0.0148699857927375,gaze_duration,hkc
28,0.0572424317025,0.11938322185,0.014370536851692,0.02975320515,6.717732677355e-4,-0.012025480164425,0.0013623154456477498,0.0658479693,7.493987487000107e-6,0.0191704997633,-9.939071075709001e-4,0.0048779163729875,0.0011391348945179998,0.0256781422575,gaze_duration,hkc
29,0.0078131751295475,-0.04001282863625,-0.010127726689495001,0.0047791691198,-2.8426822176975003e-4,-0.0114137785398275,7.408167867150002e-5,0.03811354788,5.246058379525e-4,0.00286332221247875,0.0035475598929524997,0.01067600208989925,0.01072438319366,0.01901329201,gaze_duration,hkc
30,0.061469886691425,0.151999089325,-0.0057689136840499994,0.0141853878681,-3.6731909642974997e-5,-0.0101857953901,4.8131411470000064e-5,0.0269833698424875,-8.799277678649993e-5,0.0095386799363675,-0.0036599196545867995,-0.00635882482621,0.0076956620226575,0.023396620638615,gaze_duration,hkc
31,-0.1632485285,-0.130918613075,-0.010412626941087499,-0.006887353221375,0.00245653239412675,-0.0125125713443,3.2478434766749976e-5,0.0022276034596275,4.517185200750073e-6,-0.0039692045474825,-8.90946467479999e-5,-0.0014366330725199999,0.007515857119672,1.8644067371500126e-5,gaze_duration,hkc
32,-0.0943687837075,-0.17094279175,-0.0033981380369299996,0.02496040400505,0.0014282872899747498,-0.010569733723475,-1.4223976160325e-4,-0.0143329169019475,-4.0267955621950006e-4,-0.012750303994475,-5.443972625757495e-4,-0.0034226506056575,-0.00934960544021,-0.013374573764545,gaze_duration,hkc
33,0.19111092,0.20371389325,0.006581967562492501,0.021918131928275,-0.0014084388220065,-0.012762255396307499,-0.0016896069202555,-0.01588259469430975,-2.7462654509574993e-4,-0.00277939930808,-0.0032028446946357502,-0.0140586727691575,0.0082157796764175,-0.0039843309224175,gaze_duration,hkc
34,-0.171978797675,-0.160299256525,-6.194651591899999e-4,0.0102498293715725,0.0014927985226217502,-0.016779821056,3.626409162607501e-4,0.0209561065595,6.90580269448e-4,0.0052782970903575,-0.005810519119677501,-0.0057154162668125,0.00963815180195,0.021992053108499998,gaze_duration,hkc
35,-0.222103061,-0.135379806625,-0.016799541576075,-0.014224138744165,0.00201862351581755,-0.0027803051814025,-3.5856376582325e-4,0.0013131500010775,5.338850356224e-4,0.00523156403519,0.0031361334241524993,0.0013872100629374999,0.0056803410578149995,0.002638062994823,gaze_duration,hkc
36,0.00861443556485,0.06618520955,0.0165618536882075,0.038945905465,0.002133955691992275,-0.019735415993,5.205210377657223e-4,0.042646485675,-5.298381286134999e-4,0.0054518158888974995,0.001160995627812,0.00965562078914,-9.084330621e-4,-0.00130908629961,gaze_duration,hkc
37,0.1363780819,0.154392819075,-0.0052312444257475,0.0183108974515,2.3137601585325004e-4,-0.014386803753299999,3.4098063275755003e-4,0.02800698610675,-4.590940693025002e-4,0.0058269982109424995,0.01055378907411,0.004690751668795,9.661451392250228e-6,4.5419878515925e-4,gaze_duration,hkc
38,0.123242686275,0.0670244144,-0.0017655533288225,0.00647140363359825,-8.114726608825083e-5,-0.0060380690447625,-1.2596609075099998e-4,0.0161248232467825,-3.0077197187224997e-4,-4.203811984850002e-4,0.00311814869990175,0.00301116645197925,-0.0017261987852217502,0.004595539558,gaze_duration,hkc
39,-0.044234388266775,-0.0367413849219,0.0050395190717275,0.0077650458437525,3.6873539895050005e-4,7.559076918575e-4,-7.049074506880003e-5,-0.00911871903895425,-1.1012564197965003e-4,0.0013293639618325,-0.00204554209109725,2.3538806278249982e-4,-0.0032068569871975,-2.1014138266750002e-4,gaze_duration,hkc
40,-0.182766975,-0.07732049081,-0.0209228265264,-0.017497158371525,0.0010329165826053748,0.0030678719018475,2.2969787026799998e-4,0.012545790568325,3.07102951709e-4,0.010141928909375,0.0014839576814775002,3.791367393399996e-4,0.0111731890201775,0.0142268778074125,gaze_duration,hkc
41,-0.1468293873,0.0838730951,-0.011129446122095,0.0108915255177725,0.0021448521251706,-0.02339796711335,3.115085075881003e-4,-0.0087097032551265,1.358758796545001e-4,-0.0041851266259525,-0.0073339990049725,-0.010899126634075,0.00783971159348,-0.021709284741425,gaze_duration,hkc
42,0.0612303951,0.04345634021975,-0.00593347506902,-0.004979220973978,-3.9305137049899997e-4,-0.00459724431714475,-3.403281766634999e-4,0.0167032034309,9.311353091418158e-4,0.004386334851795,-0.005844705245495,-0.0074262528343299996,0.0079723704991825,0.013507127699175,gaze_duration,hkc
43,0.1409852908,0.12933562805,0.0019000026066842502,0.0111984769488775,-9.585084265199997e-5,-0.0036316728010502507,-1.9438662253882507e-4,0.027581376433,-5.195159215647499e-4,-0.00229540532197,0.010171718528625,0.0089248846308355,-0.00373235382431,0.0052513156322425,gaze_duration,hkc
44,0.03064210742995,0.08476477205,0.0022238703715680005,-0.0020941677487574997,-1.738026345912997e-4,0.00436581028521,3.2691785606000004e-4,0.013996382614475,-2.803311678733251e-4,0.0102120098850425,-0.0014123113552300002,-0.0037587760079624997,-0.0014843599635024998,0.0097841027750285,gaze_duration,hkc
45,0.05326299165525,0.08176650805,0.006691893231175,0.008121077879825,3.738601055484e-4,0.00287797060459,6.810465129445001e-4,0.03672039667,-6.363400164059999e-4,0.0124742156266,0.0011069760046697498,0.00200799449332,-0.00501892857681,0.0174013395703625,gaze_duration,hkc
46,-0.041062032230635,0.071776985175,-0.01060045932114,-0.0016719659870799999,9.5948953983125e-4,-0.0035097777325525,-9.05936936754025e-4,0.021114524691925,3.8780293931300013e-4,0.0123792288208125,-0.0020802314758325,-0.0126814997448575,0.0045351190645835,0.0288702207175,gaze_duration,hkc
47,-0.03771038145192125,-0.092008876825,0.0100618535252375,-9.371226665899998e-4,3.124391611375004e-5,-0.0038350153740225002,-6.167694834213748e-4,-0.0038942936252950003,3.1843305694424995e-4,-0.0060572751545875,-0.0035893102482850003,8.903319842700002e-4,-5.30444488785e-4,0.0027256446634125,gaze_duration,hkc
48,0.079964047045,0.0972302115,6.738264698300001e-4,0.0136329293891475,3.740611041987498e-4,0.007442554881639999,-1.6066392701057498e-4,-0.0017034236432300006,-6.928024166905e-4,0.0026169660227275,0.00435693531836425,0.00490908054765475,-0.004201288152975,-0.017128315764125,gaze_duration,hkc
49,-0.0218517695375645,0.11089074442499999,0.0069976251235475,0.01465774148025,0.0020626636716365,-0.021911564627660002,3.0998763450775e-4,0.0038226255333175,-1.3671315942474996e-4,-0.0015192596073624997,0.0025586976432900002,-0.0086507909777,-0.002175655649645,-0.012639677735,gaze_duration,hkc
50,-0.0013354387362625004,0.0196677259038175,-0.01539211737245,-0.019955950005215,-8.638745482160451e-4,0.010181280462345,6.176993848360001e-4,0.01809666124692725,-1.204652618512e-4,0.00674503333372,0.0089646173893515,0.0036875657687525,3.87130472865e-4,0.0030520633522924997,gaze_duration,hkc
51,-0.105509213975,0.14958961807499999,-0.0096208998644275,0.012559059226815,0.0025261006331502504,-0.00712706086262,3.524353639786175e-4,0.027271473696594998,-1.5358230682324978e-4,0.009277398183801749,0.0028887613282025,0.005781316045854,0.0020807400576800003,0.001490973610126,gaze_duration,hkc
52,-0.012465236040902501,-0.0663615853775,0.003408229315626799,-0.0011605262364025,-0.0011058556892261998,0.0024187071938800006,6.407887391950006e-5,0.025162997289425,3.466883118745e-4,0.0104045706966475,-0.0052956483818975,-0.0067419337271375,4.606169668739999e-4,0.0306673305335,gaze_duration,hkc
53,0.19185505575,0.17121525025,0.0080741228691825,0.02080818670011,-0.0020907876706636,-0.0013291927728699999,-0.00120726412690055,0.009633959480954475,-7.504972093475001e-5,0.0094886165658825,-0.0061806333250499996,-0.01558824054725,0.003141702495263,0.017286414292425,gaze_duration,hkc
54,0.1193074486,0.103044336,0.0220516278097,0.02577810740825,3.1424329298405007e-4,-0.0108982646032575,-7.07545324813725e-4,0.0081204217164875,2.3055113385649945e-5,-7.393935423794999e-4,0.002910302979335,0.00254940919821775,-0.0015927283744050001,-0.007145206482919999,gaze_duration,hkc
55,-0.0140173347706855,0.005512874057967499,-0.0205547555411725,-0.0035520370655699996,4.1374658972950014e-4,-0.004971872580075,-5.344450454668625e-4,-0.004132446169345,-4.817688356027501e-4,9.528147493452501e-4,0.0051105967682834996,-0.0025383618871750004,0.0026491526171375,-0.0024864951488824997,gaze_duration,hkc
56,-0.0710470108075,-0.015527983382617499,0.00834926496475,0.0346361806125,0.003072773717903775,-0.021391276458685,0.0016069329018222,0.039636025982499996,-5.104918157005e-4,0.006722530679525,0.0050641136135225,0.015038604387035,0.0023366997922999997,0.0016725660562300004,gaze_duration,hkc
57,-0.06865180896999999,-0.080082973625,0.0028035025907875,-0.006160063563,8.622461627009999e-4,-0.0018129911150749998,-3.42075152387e-4,0.00678979353493535,2.7051922474975e-4,-7.580292477500001e-4,-1.5802756245000008e-4,0.0027533656583925,-0.00424019899934125,0.0069699314363826,gaze_duration,hkc
58,0.09435119302,0.165280646,-0.0177256877634425,0.0010829484349200002,-2.816775248174755e-4,-0.0078901899605675,9.306051086854997e-5,0.04774030197,1.062488727615e-4,0.016501907959,0.0026943352944870003,-0.011456249282399675,0.0101646048638025,0.03005357092045,gaze_duration,hkc
59,0.10340567475,0.1930572165,-0.0176782932784,-0.0048173127821125,-9.697258341774987e-5,0.00434243077007,-6.52409555591525e-4,-0.005411857542672,-1.926746927255e-4,0.006131996976715,0.0051908665403125,-0.00423137358405,0.0085694002579375,0.0032325014460075,gaze_duration,hkc
60,-0.05413384471875,-0.0022800481800874994,0.008765829096405,0.032486122985,0.0012413280556452498,-0.008889176629715,-2.3252072938575012e-4,4.060048909275008e-4,-1.9562429229574984e-4,-4.521138992975e-4,-0.0045201985036,-0.00417177755865,-0.00199008649378,0.0036259632061100004,gaze_duration,hkc
61,0.091340629025,0.126551752275,0.0124410071750725,0.0141898145343,-0.0015414404379667501,0.005385097820434,1.1374883412357498e-4,0.012712049301444999,-8.929026169424999e-5,0.00524000973080025,-0.0057283509300705,-0.0042775330532925,-0.0045805224636245,0.007530265334471749,gaze_duration,hkc
62,0.0095706437846,-0.045533107852249996,-0.0017322451691850007,0.0032540761970400005,4.7241866569929983e-4,-0.0088740095384025,-7.106866674355749e-4,-0.0150606887499375,-2.9009115995749965e-5,-0.0059851683109,0.001589687069996,0.002614651058425,0.0016829577284802502,-0.0104402673965585,gaze_duration,hkc
63,0.122611650175,0.08171903335,-0.001823704396605,0.00762468875057725,-6.312454875802499e-4,-0.0037812623125305003,-5.638476109678748e-4,0.024531399739245,5.3676069555425126e-5,0.009536354840109,-2.6919833297000298e-5,-0.007878205130447501,-7.330836428137501e-4,0.0190934684563,gaze_duration,hkc
64,-0.099173967525,-0.1315230833,-0.0096459942260925,-0.004927500723095,5.397094973820001e-4,-0.0027608619883544997,-1.452415592172499e-4,-0.007358473990445,1.1813307883007498e-4,-0.00085943303180924995,0.0010743075407,0.004044659856782,0.0039378197961,-0.005383042213271749,gaze_duration,hkc
65,-4.592809224999158e-6,-0.003212037136499999,-0.015759005598275,-0.01212341591089,-3.318725154802499e-4,0.00177820964134275,4.5074592419724993e-05,-0.0061748608115675,5.05359860837506e-6,-0.0033597567768087503,0.003418822870508,0.0015444645087324999,0.0054661197639675,-0.00444464926236,gaze_duration,hkc
66,0.08495740827500001,-0.0133627870889225,0.0037164562857875,0.016360366980225,-0.0015120475431272496,-0.0059641769045725,-9.209566830029999e-4,0.0148993135863875,2.819674796907501e-4,0.003213858299395,-0.009299709236934,-0.016436595775675,0.0068592962421,0.02758821215825,gaze_duration,hkc
67,-0.065644180608025,-0.0337494991205225,-0.01595265692544,-8.187550217950002e-4,0.001742077119439925,-0.011444855007825,0.00102919091282095,0.03754030956375,-5.8881507717424995e-5,0.011233649859675,0.00693797701954475,-0.00138835766308925,0.00174867430578,0.00739137957966925,gaze_duration,hkc
68,-0.011723118151695,-0.157734409575,0.0031157599255175004,-0.008355368280857499,-7.575377284765e-4,0.01026086590956,-1.2577142348349992e-4,0.008278712797485,5.379629734272501e-4,0.00323190930308325,-0.0023415778937,0.00736885281961,-5.242326172782991e-4,0.017232796881885,gaze_duration,hkc
69,0.06349379725274999,0.05198186266725,-0.005248533091244999,0.0027270599471374995,-2.3180203958515015e-4,-0.0020491770944225,-0.00104483999690605,-0.016997719209375,2.23979466851975e-4,-0.0042742008942225,-0.0018995572345645,-0.0033458651743975003,0.0035371048178525002,-0.011062294279291,gaze_duration,hkc
70,-0.1240044636,-0.2089989465,0.0069727753227825,0.00389660729607,0.0010275309371229999,-0.00288071427007,-0.00121119633635025,-0.0017109574205949997,1.968200186109999e-4,-0.0043892674657025005,-0.00268737214001875,0.0052442062325985,-0.0030862734064,-0.0024942125729634996,gaze_duration,hkc
71,0.095219710025,0.179248963,-0.0083448387582425,0.010745927959465,-7.739904832099993e-5,-0.00902645235541,-1.804406826900012e-5,-0.031679450275,-8.26015681995875e-4,-0.0090034343354525,0.0028171490385825,-0.0112334293774925,0.003234283191505,-0.02842436854775,gaze_duration,hkc
72,0.013243600556535,-0.0152583561156725,-0.008276149043560001,-0.020087602418255,-5.006589458605001e-4,0.01238886131988,-2.105979329710174e-4,-0.0281796167095,1.3758042826224988e-4,-0.0041021293592675,0.0013930018346525002,-0.00220890453868,-0.0034529405757025,-0.01573185098745,gaze_duration,hkc
73,0.0358099821563,0.021824734809775,0.0024262712755725,0.01881747145074,7.959106104385e-4,-0.011779293130222501,-9.316200358304748e-4,0.051970826075,4.6377743325890007e-4,0.0120087194817,-0.0020514496923650003,-0.0034351146695703024,0.004232458927735,0.030401801375,gaze_duration,hkc
74,-0.108857389475,-0.10492218465,-0.019355539053955,-0.0092353514759625,6.349738126120999e-4,-0.010336111571585,-7.5182142415125e-4,-0.0179871260904,4.8704444759925004e-4,-0.00459094438578,-0.00225852546535725,-0.0042605487367375,0.0087840120753525,-0.00223184968885025,gaze_duration,hkc
75,-0.02967196051695,0.012328872176125,-0.0083669948987275,0.00821175331631,0.0018528841283057499,-0.021563518254824998,3.435288250489e-4,0.0373912816625,4.1387907093390006e-4,0.0077143240251157505,0.0082380799771475,0.00439555185586,0.00618060040977,0.00347145581289725,gaze_duration,hkc
76,0.0414262963655525,0.0968342761,0.0114172384782855,0.0441416126,8.05497121622001e-5,-0.018757617366325,-1.3096428468295022e-4,0.01887393520675,-1.7621821106204982e-4,-2.7032618806125004e-4,-0.0101123662200275,-0.02002354820235,0.0037927735437415,0.0097161106201085,gaze_duration,hkc
77,9.103332905425004e-4,-0.02861370918325,-5.297233851004998e-4,0.0216513884434,4.6601413908224957e-4,-0.016934840324805,-1.8413771753295034e-4,0.022962867100975,0.00127432271089075,0.0040441149159385,-0.0113973410887225,-0.0171702822439175,0.007536818512746749,0.025734888262,gaze_duration,hkc
78,0.1071358168,0.0025985071544000014,0.011182701210145,-5.637775518325e-4,-0.0011600779233818998,0.00149688323563,-5.563217562270003e-4,0.0089292072671775,-7.235581617577499e-5,0.0038272544627474996,3.194839533277499e-4,0.0015944264164874998,7.347567042375e-4,0.022022284891675,gaze_duration,hkc
79,-0.03134961737835,-0.025402263957525,-0.003365436215070725,0.009328341921155,3.4129196137250013e-4,-0.00408521768571675,-4.039395144285501e-4,-0.01318022771959625,-2.819820297394999e-4,-0.00488159009102325,-0.0030295352647897503,-0.004891720225385,0.0029377617819162497,-0.0074143425557,gaze_duration,hkc
80,0.084952240225,0.19518072525,-0.011183257869325,0.0127375601772025,0.00117526042079925,-0.0085221799268875,8.410598143061501e-4,0.0337599293775,-2.0778878978474998e-4,0.0069824628604525,0.011042761855725,0.008382769775555,0.002541795218975,-0.0072110609122705005,gaze_duration,hkc
81,-0.007255366234075002,-0.058680503032500005,-0.0010893995618025,-0.0014440712382699995,2.851846660537499e-4,-0.0027040939028575004,-2.4536434789999996e-4,-0.0069713744223125,4.2383105165000046e-6,-0.008764054448495,-5.35560046454e-4,0.0039008157659999997,-0.00127267528766,-0.0041401440193225,gaze_duration,hkc
82,0.375604704,0.43521108725,0.01352701114995,0.0572334133,-0.00104581678287775,-0.0326858823475,-0.00143575834352875,0.027730755902,9.994514705550034e-6,-2.2753940069675002e-4,-0.001974265634045,-0.01034737197745925,0.01076459998191,0.00566442660293375,gaze_duration,hkc
83,0.05500854274375,0.0589181420025,0.0086637021793875,0.00484606240128825,-1.534821127275005e-5,-0.001018672141969,2.958959894532506e-5,-0.0044621886371625,-1.1898682804400001e-4,-0.003686055730135,-1.786928623999991e-5,-0.001066782622025,-0.00974345172768525,-0.0094121857215,gaze_duration,hkc
84,-0.070967143535,0.1885355825,-0.014216262996875,0.0197179893989375,0.003444268390226675,-0.025101468032175,0.0011497191915960249,0.0323897468975,-4.40980173845e-4,0.009666884634525,0.0073785109351,-0.006175041458435,0.00708944198168,-0.0027722539286924998,gaze_duration,hkc
85,-0.07002529786,-0.120653911475,-0.010607113735775,-0.0043972384060475,7.140190793325006e-5,0.0074528464608625,-1.3313143017644604e-4,0.00896044872733,1.1960126676349998e-4,0.00649191447768075,-2.2311198409749976e-4,-0.002532947979175,-6.078648756275e-4,0.0172450714133,gaze_duration,hkc
86,0.032901742336114995,0.10213115275,-0.014078991333222499,-0.0011914653320424999,5.332744759585001e-4,-0.008014055582504,7.330123902652501e-4,0.0148151171565025,-2.2755231997537495e-4,-0.00245528476691825,0.00747448169435,-2.7699781043759997e-4,9.255690788924998e-4,-0.0094380092940925,gaze_duration,hkc
87,0.262385012,0.33812064075,0.0068994605583075,0.019954082522075,-8.144125721658999e-4,-0.00740338796170425,-4.6716515068449994e-4,0.046283693,-4.902105113500001e-4,0.01459660218165,0.0049126968883075,-0.0044157981355650005,-0.006049129187365,0.016144013589275,gaze_duration,hkc
88,-6.491923664774993e-4,0.0389806330575,0.0099160908777805,0.0172080156509,-2.8950667544704994e-4,0.0041889013092124994,-0.0011273464842409997,0.0069153255132525,1.1003433870297511e-4,0.01114003133139,-0.0078439572097075,-0.01133190487532,-0.0013063837988775,0.02395102753675,gaze_duration,hkc
89,0.037854833414225,-0.035715857893175,0.033837653055,0.037468187525,4.4456066340652496e-4,-0.0083445958734475,4.3484959981575003e-4,0.01851280066245,-0.0012046948833175002,-0.0050187265870775,-0.0015660853070149998,0.009218706203,-0.01662345427685,-0.0024493616544305,gaze_duration,hkc
90,0.0032148915133525,-0.016995818581889,-0.01630806905456,-0.0089240799445375,-4.286839480997501e-4,-5.63582757635e-4,-4.851716624407e-4,-0.00899231552617275,6.6312829637500024e-6,-0.0021884575438725,0.004942872662205,0.0029135274072614997,0.0056511889519825,-6.0878958916e-4,gaze_duration,hkc
91,-0.22530996275,-0.1289361367,-0.02431677264781,-0.00785499695612125,0.00246603270157525,-0.01082303566517,7.42841546827e-4,0.007806005217075,2.566843066276749e-4,0.0019025435942175,0.0043835154337375,0.00626265276637075,0.00917841942273,-0.0052355285907575,gaze_duration,hkc
92,0.042883333553625,0.026334051678649998,0.01255390267167775,0.009421457342163,-0.00112187899723025,-0.003546224760493325,-2.9972105843750004e-4,0.01003866775079,4.9170156271225e-4,0.0032924975352149996,-0.00354713230326,-0.003014829036085,0.0022366078767825,0.0075623599421,gaze_duration,hkc
93,-0.2511688485,-0.215413943,-0.0155071414852825,-0.0129497033742875,0.0019817676545452498,-0.0112351325325475,8.10559006980925e-4,0.011298622211425,3.4296317973825006e-4,0.0013630182962324998,-0.00230278807462,-0.001628610437845,0.00812770100808,0.010497745924881,gaze_duration,hkc
94,0.028582740445624998,0.060626307418750004,-0.0161960139595375,-0.0010464924657852,0.0014811018609077998,-0.003259736004710575,7.678584297672501e-4,0.0300124094965,-3.4047619824597507e-4,0.0038288276778225,0.0085851382828775,0.004063068061587499,-0.0081455822216305,0.0010062024189850002,gaze_duration,hkc
95,0.133862272475,0.05496125514275,7.766487265100003e-4,0.0176748341682575,-9.87900427435e-4,-0.0061455206911555,8.15602697570501e-5,0.01189037956045,-5.1537823306525e-4,-2.8263365448e-4,7.058768991825001e-4,0.0047460293432625,0.0097769705320775,0.006866576071102,gaze_duration,hkc
96,0.17934783825,0.171808048,0.0043696985182300006,0.032435473525,-0.0012820130179335,-0.00698558897755,-7.144561566363e-4,-0.00285985914535,-8.6601679275275e-4,-0.0115929346231,0.0076282172267075005,0.0029767493816749997,-0.0013357927664825,-0.009888274568643624,gaze_duration,hkc
97,0.09110155485,-1.2361638355500032e-4,-0.0014964718667074995,-0.0035654885640950006,-2.8525997799075007e-4,0.0018356650604325,-6.5960227431875e-4,-0.0175520505608,-2.724670226787512e-5,-0.0076065356670875,0.0028364453526605,0.0019614191999315,-0.0084292558427995,-0.0059846220909954995,gaze_duration,hkc
98,0.15793994845,0.2118978855,-9.068527787624998e-4,0.0127616030532575,-3.2052119764150005e-4,-0.0162676492767175,-5.44959649103425e-4,0.014904996574305,-3.078575689801006e-5,0.0025491884994209998,-2.5675327620000007e-4,-0.0179258021080425,0.00739937779748275,0.00986747966956,gaze_duration,hkc
1,-0.16145871565131964,-0.1395002317027634,-0.02038490952453692,-0.04508346020005784,0.02597415780994972,0.021098171636363374,0.007841186132055736,-7.186318745215951e-4,-0.006112299904817685,-0.04461148234808643,0.009587850903982011,0.009807057075632744,0.003595265159683916,0.003540822172182754,gaze_duration,indicos
2,0.029956784500173927,0.09303184582971102,-0.030040271981291538,-0.054075697609799245,-0.0011205993841093582,-0.001879506182345338,0.0034491883889060763,9.242700391755195e-4,0.04205675553729356,0.013322491582883391,-0.018659762676558618,-0.007140446463841935,-0.0065870921306552315,-0.0019331521064325547,gaze_duration,indicos
3,-0.0416971662988489,-0.010326268242225706,-0.06727607582312067,-0.027804677786278053,-0.0027187180705351044,9.582434150546554e-4,-0.0012320098722090618,1.4349612064334116e-5,-0.015320091620621748,-0.019302537922698162,0.006510528782250201,0.0015759199177315631,-0.0016725339225648987,0.0034093777667279176,gaze_duration,indicos
4,-0.1916647617855808,-0.1811629503280743,0.003939047388634516,0.0439634394509075,-0.00459358469457871,0.0017744128196699165,6.97985161219274e-4,-0.0011178063791662729,0.013243984876577242,-0.01091328447218688,0.007038680496620605,0.024808031679403954,1.1310852560358433e-4,0.0016276986276271134,gaze_duration,indicos
5,0.19195457234218635,0.16978406292395712,-0.035928961177685695,-0.03929350924106519,0.013189315033939091,0.01003964372810241,0.0015308641602238765,0.0013630060582063904,-0.04741668659841975,-0.023158025949742162,-0.0014580864527032674,0.01869874367967077,-6.170050825880526e-4,-1.409647536488652e-4,gaze_duration,indicos
6,0.12113187007888179,0.09141655070187113,0.07663692111093542,0.05984243848711926,-0.006077248529587441,-0.006224601077164274,-0.002707243340443789,-3.4045219148665296e-4,0.011151347520980005,0.021870432710059156,-0.012046011542220026,-0.012369684162529839,0.002989718727743213,-0.002989488647606421,gaze_duration,indicos
7,0.1657466805446273,0.2175747552379569,0.040460678626428485,0.04364045250754165,-0.02040807125277475,-0.013422261720216067,-0.0043313843760912334,-1.4850558157966494e-4,0.005003485037392982,0.00428823490953737,-0.014692363875075665,-0.017178056656306468,-0.003215404329813421,-0.004208639696450207,gaze_duration,indicos
8,-0.013839525374727149,-0.0025970642224599867,0.052988605364462725,0.038203155007961904,-0.0037774286530987216,-0.009247816153147737,0.002686565732593663,-2.4996492952035677e-4,0.04416370369812329,0.008464850701892044,-0.003242977644926519,-0.0012521418602441398,-2.7870170641807477e-4,-6.72805597806867e-4,gaze_duration,indicos
9,-0.12235958110896163,-0.10309398543689641,0.037101455589979355,4.87001968819621e-4,0.0287948378721322,0.028029476381117375,-0.0012167972512629828,-8.51705957384608e-4,0.027356320570616172,0.008617419132900787,-0.002551921510527119,-0.020551127644218837,0.0021928108777877547,2.7794450827341437e-4,gaze_duration,indicos
10,-0.13256082269227584,-0.10733342072287268,-0.08157560981288946,-0.10072254975264987,0.03439217066707862,0.02843497327385867,0.0013192356182417525,8.235529099303363e-5,0.0034612449213642584,-0.0138150875238142,0.0031342954673853497,-0.008174606233997198,-0.002109572874109669,0.0018359799622873812,gaze_duration,indicos
11,-0.08474653988577366,-0.09946060898356426,-7.353311023975593e-4,-0.014630728793887588,-0.002141960620295167,6.897085357813179e-4,5.036254722660951e-4,3.3163945775447696e-4,0.013132022097364197,0.008629953278089908,-0.005161679498863837,-0.007320289134074968,-0.001648557430970521,-0.001106045882642406,gaze_duration,indicos
12,0.4302125331596391,0.17353731017514396,-0.10789108579698628,-0.053115417075220654,-0.013673442217726615,-0.0074862638091914395,-0.0023486291455896025,0.002615336209219846,-0.09054073596773378,-0.018764683827725573,0.005551184295024484,0.035001111913496336,-0.0012249066194155115,-0.0012610220927582803,gaze_duration,indicos
13,-0.3511323767071767,-0.2575474510573201,-0.007928859477044515,-0.01853777298893576,0.03024471628492136,0.023441727789721093,0.0017657562675804405,-0.0015849542031087095,0.012542796364749519,-0.022326091679445253,0.008951585517321024,-0.0015740047640082325,0.0017959697123680499,0.0028830124351122677,gaze_duration,indicos
14,-0.10423973230701211,-0.03987183298164354,-0.04347842346305258,-0.05505379652187319,0.016168678003415718,0.0183776716450882,0.0037074739902847377,-6.423164246528756e-4,0.012188190388463886,-0.014173861356147172,0.006987121041147242,0.01094139824704318,-0.0036129874095252017,0.001839528940425233,gaze_duration,indicos
15,-0.01958226911063477,-0.015221749633925951,-0.004552600914346488,0.0016214795143758957,-0.019295056376486434,-0.008294915790860148,0.005185042332697225,6.064086289026033e-4,0.010695814227810739,0.0063165108518265225,-0.006713319676442267,-0.0026456847272269177,-0.0018360424258011653,-0.0022407017623068052,gaze_duration,indicos
16,0.032877150826440514,0.06581519421063792,-0.0193346238315087,0.009448816229560453,-0.013154388438574652,-0.0014764402055953696,-0.0010700489114775478,-1.9930312304052076e-4,-0.00981970749705669,-0.024409850821214222,0.009762324964349277,0.0056960574795836055,6.53461112962012e-5,0.0013517745763263079,gaze_duration,indicos
17,0.13586067119063244,0.1695189246722368,0.06379832285851646,0.08248469782293157,-0.03571446660876619,-0.020214035524453756,7.253837289833306e-4,6.453500797011621e-4,-0.03400444760872398,-0.018330811108520282,0.012359526612182497,0.013915855992074467,0.0031988332492793817,8.733228147411801e-4,gaze_duration,indicos
18,0.18675555204052424,0.17451220349544655,0.009023644628613511,0.007010413074757927,-0.0026026931558841547,-0.0082701764212366035,-0.0012707442154865718,0.0034879922004738884,0.02312107725383336,0.036967219358739443,-0.001995807889153004,-0.009986341679192682,-0.005855692097502426,-0.004353498181454299,gaze_duration,indicos
19,0.19629005806039565,0.1848971295307965,0.10674780702432739,0.11766928836493304,-0.022176560183091342,-0.01799339112597404,4.09297637911767e-4,-7.311363333968462e-4,-0.044636293345527864,-0.04117011842417676,0.007980220459776264,0.020297547503951987,0.009541330654476219,1.9519693826538324e-4,gaze_duration,indicos
20,-0.12671421892036402,-0.12635294678015863,-0.02905625962566067,-0.011053912201615983,0.0037850687966343014,4.281539720528184e-4,9.516326176412386e-5,-3.6555572476401626e-4,0.008542167802059278,-0.015318309503349326,-0.0018320863436975068,0.0029889410646941673,2.604701349405442e-4,-4.445287860909333e-4,gaze_duration,indicos
21,0.2582805161347548,0.18346729594180808,0.18502981459718773,0.14803095629364704,-0.04585843713501117,-0.03677540952320317,-0.0037036949516296414,-3.901791892193403e-4,0.007795783622011197,-0.006625216755366895,0.005782129492783716,6.746265572732268e-4,0.005796681870660635,-0.0029828858904864053,gaze_duration,indicos
22,-0.052140666028324734,0.005677035860367988,-0.026175559512322904,-0.02207388969275476,0.04259735472493736,0.020054432964863502,-0.0011990789788862454,-1.6252324742186148e-4,0.01970054394083966,0.0035888538668171466,-0.004704966811055134,-0.010380776543125924,4.7018956999762834e-4,0.00121762324674964,gaze_duration,indicos
23,-0.04320395635746042,-0.024208220816202882,-0.10010720624127135,-0.07595010712312876,0.004416388815307592,0.010914017641704353,0.0014113504524470297,8.45341505944521e-4,0.013030153163225864,0.0015755998070960747,0.004118926495675884,0.009761226001778022,-0.005889317085689017,0.001173546061008745,gaze_duration,indicos
24,0.030654228407791854,0.01036807655511236,0.003997953053451569,-0.010662621780135939,0.013495903858002698,0.008953308477272543,0.003569212424315078,0.001107693959047702,-0.022769985326320224,-0.003939337980431298,0.0027166439686255707,0.003348353061734713,0.0021568254577819276,3.0895216792647246e-4,gaze_duration,indicos
25,0.015983176111608606,-0.00807294625401519,-0.055063987252812675,-0.04554072930041374,-0.010900236338777968,0.00850808306709638,0.001097823068614869,3.6482992418573277e-4,-0.03272930133711019,-0.028538429957819075,0.009728949646662082,0.008855828983528803,4.933238819538391e-4,0.0014782303622349377,gaze_duration,indicos
26,0.018562263473219702,-0.008857655362528548,-0.008560533411892383,0.0010654477956939452,0.0017075181895197524,7.729783542474055e-4,0.0020881634869429613,-2.3489251521844657e-4,-0.040081612891414056,-0.05625810885408023,0.013041986142922254,0.025410012756134966,0.0031826433486768333,0.004238025522112253,gaze_duration,indicos
27,-0.03149498387033251,-0.06104682741418254,0.0038754133245807575,-0.01950526470534905,0.012305196876489052,-0.0036056038068283764,0.005206084420306345,7.937069584115622e-4,0.03559790496533075,-0.009383269906365482,-0.0069445201277141665,-0.0016725685679372113,-0.0010640423804073812,0.0014495467547026057,gaze_duration,indicos
28,0.15704261595399369,0.19487941617986865,0.027490594438991968,0.02358345348114028,-0.013264876500715207,-0.01686366109514729,-8.224017651725897e-4,0.0017797107732457742,0.021015330073792735,0.010724186580745027,-0.007321930141398041,-0.004583421447994307,-0.0031557638020602826,-0.00147954975877748,gaze_duration,indicos
29,-0.15781639139656523,-0.12566921882180257,-0.02120860731390141,0.0074783227592178075,-0.02026218821255736,-0.018511236546679445,-7.131687227891631e-4,-2.7831933093784605e-4,0.017305983506291645,0.011806682058183473,0.0015873992158284055,-0.004844856965757974,-0.001338741360652904,1.227301193393326e-4,gaze_duration,indicos
30,0.2144705075716579,0.28476590260931983,0.014085881946158755,-0.02643306895353329,-0.016906391376966444,0.016675458687543557,0.007846380843848415,0.0015007581471425595,-0.09499587513999322,-0.09504022090024108,0.026562870941417953,0.026858605746219778,0.005687369591811508,0.0022313649102822276,gaze_duration,indicos
31,-0.26778737863778174,-0.18463281379315913,-0.014835180846635173,-0.017322407518913653,0.012645667135265591,0.019092420977480953,3.451784079397253e-4,-9.942105359243567e-4,-0.01093312628373934,-0.0164374742239083,0.011020761293741256,0.014942744861146317,0.0026893911992642234,0.0032578774513639017,gaze_duration,indicos
32,0.003325219550653918,0.010844597583612055,0.10567877278289019,0.11038050949877036,-0.026332084168074622,-0.020083517115043224,-0.0018204907779642838,2.5079490244075687e-5,0.013772985679055019,0.008274651595892578,-0.003715587899305809,-3.36384989387667e-4,0.0048187649933948695,-0.0016857429275258051,gaze_duration,indicos
33,-0.012267185779388075,-0.0030147227976037023,-0.06682055782915053,-0.07282279380639382,-0.0030741407152116793,0.014403740783317322,0.0014689639906544007,-0.0011320994366236863,-0.02991679665254956,-0.020409975253136425,0.013204122393208464,0.004532043850790657,-0.0015109880271132593,0.0020345485858804706,gaze_duration,indicos
34,-0.1640894539162049,-0.09745658240625474,-0.04604818400900709,-0.040325069824363305,0.024790202907329757,0.016776645524632885,-4.3127621986584463e-4,-4.922590874082282e-4,0.01851955607898112,0.01843977749880411,-0.005806972069292663,-0.008344255937446324,-0.0017917021198393557,-0.0016291356310546379,gaze_duration,indicos
35,0.0408135481811459,-0.030487549282202264,-0.039591854543489936,0.016896519639786698,-0.014337086169735383,-0.0061934451979560965,-0.005867132677625982,-7.311697298669667e-4,-0.02122176031157429,0.011020960928680133,0.002325460704083943,0.005010148104215742,0.0015785792905073483,-3.083619692095554e-4,gaze_duration,indicos
36,-0.08968586464903759,-0.12232938456223387,0.05803677280533752,0.003636402341251224,-0.017142790549878453,-0.0034004713386424023,0.003210923471590528,-0.001580196995047125,-0.005469137456986227,-0.007373625792752996,0.015847408017441156,-0.0051313557280547335,0.004249299124191825,0.002127615333062812,gaze_duration,indicos
37,-0.0653909677456992,0.031128086832681846,0.06656128193825889,0.06996285749136039,0.005164484326700441,9.618128057373108e-5,-0.0012007963063637858,6.80837342818083e-4,0.02832898718683038,0.02264916481162007,4.8075389936286754e-4,-0.00983895855825209,0.002003823162880444,1.3671817196907069e-4,gaze_duration,indicos
38,-0.10175037774974112,-0.15173718378832768,-0.04116464067016871,-0.045757836061526,0.02014076117559144,0.018240067447454735,-9.142828045230921e-4,-0.0016024874129219981,-0.002262420608499972,-0.014111682761628901,0.003393793660368862,0.004573231703241114,6.313055447270272e-4,0.0015585559419605054,gaze_duration,indicos
39,0.10790414578688616,0.0812270546602735,0.0075131731284799035,-0.018592324095377356,0.008562335177721982,9.025118731733233e-4,0.004332109113801219,0.0010272893736034078,-0.017633697557221432,-0.0073507346387380315,0.005994551279846679,0.007948812435966788,0.0018870351332394958,-0.0015488677429946456,gaze_duration,indicos
40,-0.17173239162441106,-0.16370379793318687,-0.005843924079591924,-0.03182017984984627,0.006925268610487361,0.009842202173439644,0.004327223541905104,-5.917932331448041e-4,-0.00796947560338697,-0.01614225589263066,0.007621574523405797,0.003921173527344941,0.00200523594635968,6.841480597448297e-4,gaze_duration,indicos
41,-0.03892771242751478,-0.08102063877268546,0.08508929788203361,0.0337229123124145,7.563756740552186e-4,9.175578048270324e-4,0.002207111432440796,-8.160626851798182e-5,0.012145010457231997,0.005773748146693869,-1.2753879899591046e-4,-0.00633654342673748,0.0034497686194512626,-0.00158016337428741,gaze_duration,indicos
42,0.3463236954950116,0.2991623537565218,0.06789218521017726,0.08369650457034836,-0.05259307642839026,-0.043557300198570674,-0.002104705736427886,7.184588068188817e-4,0.02618990315076769,0.0329477190383476,-0.011335331007229749,-0.011539670042162619,-0.003895480780932211,-0.0031499058698634457,gaze_duration,indicos
43,-0.27576739827846447,-1.5163941054926873,0.008212246648015788,-0.20048489885090265,0.041450364511030804,0.00916768068983802,0.011196249575316739,-0.002731395344039925,0.04196476226224552,-0.03694005409982319,0.008558172152184289,0.02188514213937551,0.0040360064032073555,0.003213423543715012,gaze_duration,indicos
44,0.24304276153502732,0.17631124521745598,-0.04103940911428521,-0.07851937915026755,0.005304955004835923,0.007537775137923224,8.731835520382567e-4,4.1531287460141477e-4,0.009999647529275664,-0.023078642215351403,0.007098617388481518,7.804310040317738e-4,-0.004490579416569122,0.0016143115898972858,gaze_duration,indicos
45,0.04672539998859507,-0.010039350273284725,-0.08101541936803712,-0.05730865154656237,0.007803334584808905,0.008238153826888034,-0.004111666542739066,-7.410319993568592e-4,-0.009404363472312867,-0.005028161743880966,0.00529090906954026,0.007850451668913553,-0.001943128250698797,0.0021955984864230125,gaze_duration,indicos
46,-0.05991730257405354,-0.03217991436688494,0.046893915038740575,0.028945863899540146,-0.011328558830188188,-0.007772762303528162,0.003302922042184402,-7.849096801937404e-5,0.020862240840645436,0.011957374149620911,-0.004263553824501647,-0.006557038890157034,2.0010750457452337e-4,-0.0024700281196351594,gaze_duration,indicos
47,-0.2077065730831831,-0.2256719224428171,0.0022881915687311604,-0.025191878407408743,0.018319465782308468,0.011795029603938764,4.107037176156752e-4,-0.0010684010955836994,0.036550458124704234,0.014025564369738404,-0.014656341558109024,-0.012891989091977026,-3.7673333972769034e-4,4.047863462966608e-5,gaze_duration,indicos
48,-0.17322554968936452,-0.3099709215577976,0.01694925474878587,0.020296041087928103,0.013089658325135808,-0.009299696503831046,0.0016971194582853513,-0.0013335442167208159,0.008827263246180496,-0.02384263645249844,0.0024372292443828043,0.038827639817937264,0.0037040971215724465,0.0034654496634175477,gaze_duration,indicos
49,-0.09533259457598456,-0.12220913224487998,0.017102401574734662,-0.018894654537522204,-0.003026948458655358,0.007510998270962307,0.003728633638512223,-8.44061966205288e-4,0.002427182868413757,-0.019095024997782976,0.007265638143172254,-0.011263376434948964,0.0027908580975240247,9.426473301088204e-5,gaze_duration,indicos
50,0.10802084467893669,0.13622252868038162,0.04472414183154082,0.020564310124806643,-1.0887679158075673e-4,-0.00715200571899513,-5.594051279616221e-4,0.0017958533896784493,0.045311663079566404,0.04116405743090481,-0.02642426909921395,-0.028520958280593155,-0.0027074075911538175,-0.003267113990615783,gaze_duration,indicos
51,-0.1359037318116154,-0.16358614807090668,-0.04207020604299103,-0.04608089797749003,-0.01106784930603169,-0.0013583737275222922,-0.004546369445083187,-8.438291223426408e-4,0.03684090996079427,0.05016609156694425,-0.01203526191764067,-0.02357354872297635,-0.00516048298160062,-5.591380548094326e-4,gaze_duration,indicos
52,0.061218309018891394,0.10432832607193714,0.0878795698421089,0.08055907715715346,-0.0361048020117248,-0.016980839249850124,-0.009894075391819773,-0.0011711477760748138,0.01214237572977654,0.03627183995485572,-0.003951636651838432,-0.014267324981809063,4.5131410469933126e-4,-3.7849930334835346e-4,gaze_duration,indicos
53,-0.08358467042160073,-0.013131687486350529,-0.037914618280284446,-0.06123134918523959,0.009041734858054068,0.01321973556344312,-7.824644862157041e-4,-2.502336498061616e-4,0.03728495832300805,0.02313697375599262,-0.008479427641543824,-0.018564726487175692,-0.0066774388479798686,-0.0019925075100219857,gaze_duration,indicos
54,-0.028510312940715498,-0.020351296031104003,-0.06331296709004239,-0.05738481779310819,-0.022314643914986807,-8.10745658857752e-4,-0.003065723567390618,-0.0011838457495341374,-0.017831654851677932,-0.013974639602731357,-0.00273314723343723,-0.013796569956197803,-0.0023862600187697534,0.0011035621155956184,gaze_duration,indicos
55,-0.15543667750105067,-0.12654614213498688,-0.012376939618988702,-0.023561504307600463,0.01126535504601128,0.017727321422597905,0.002907134578365708,-6.42619483736313e-4,-0.01395110414796749,-0.033296589674063966,0.010036770093043455,0.0074492488826645355,0.002920234877809914,0.0031032018597288015,gaze_duration,indicos
56,0.3034367711101822,0.3330901273420802,0.07920592778817946,0.08504594005138269,-0.0013263996021045928,-0.023707306688277047,-0.005743788167073344,0.0019933662101745265,0.03964849237848942,0.06743605694576146,-0.02917807428267062,-0.007361680275580597,-0.002267073418178547,-0.006573200601324811,gaze_duration,indicos
57,-0.06391073232004836,-0.044160669606132075,0.006390958239724361,-0.01745805428067105,0.03087248513559544,0.011595378162974863,6.927475701783951e-4,-6.451873311393156e-4,0.022303541420951332,0.017225287478470176,-0.011648743685048422,-0.014793289844707149,5.395736128254753e-4,-0.0018275262442570062,gaze_duration,indicos
58,-0.028180888220010167,0.0762095116690281,0.021178657693609063,1.1001105955164627e-6,0.007747987644509521,0.010942763743805798,-0.0025594815854900117,-0.0014643076546519106,0.034070183232063435,0.014080978010030363,-0.013049009289549518,-0.017954534696452723,-0.004205536567643391,-0.0019824698134785607,gaze_duration,indicos
59,0.05896095944556016,0.01744501501169917,0.11003662289205825,0.08893263155086352,-0.032170350027230295,-0.021654820300927802,1.0640284149621033e-4,-0.0017685228135165406,0.014732160790125567,-0.008378736717660968,0.003587736086971158,0.002706604819593868,0.0019793604554599084,-0.0010527462918291013,gaze_duration,indicos
60,-0.07057315571410193,-0.10104360175473903,0.0033017260219672983,0.015354402988340055,0.01307997029294665,0.010811407993906492,-0.0010863483972528981,3.489855360363799e-5,0.008985923205818296,0.013376406646045568,-0.008768500123403848,-0.0043470029944038015,8.634998229422661e-4,-5.5647297063426095e-5,gaze_duration,indicos
61,-0.05614873038846076,-0.12162099674659976,0.032059979300073704,0.037390890522447796,-0.02333888976200549,-0.017274210137002373,0.0025666787361958592,-2.2609652175220246e-4,-0.007134008701807012,0.004171226602576691,-0.013801631621500979,-0.001974172806721027,0.002709422950155677,-6.393419835294345e-4,gaze_duration,indicos
62,-0.22999416835525216,-0.20269564585721928,0.014759766661318514,-0.007928221694276713,0.01047104453463116,0.017534267103236113,0.003893662607395561,-0.0014851274142664678,-0.027419268909301325,-0.03723954993961448,0.031089162663910364,0.006016373890013065,0.004989341647062724,0.0026096370172666826,gaze_duration,indicos
63,-0.05558765331111895,-0.04234085650726843,-0.010840393469002995,-0.01604087773751298,0.008114932580302055,0.004663402337466843,0.007231237112182464,0.001526942521481941,0.008131525147123887,-0.02958845198946496,3.5926949860552016e-4,0.01130527889722408,-6.771193840696522e-4,0.00279642385576376,gaze_duration,indicos
1,-0.07433168660125,-0.048950239717075,0.00856714540268,0.023759813577975,0.0087690172822125,0.001595242546135,-0.0046106774472475,-0.0082284068897275,-2.2344976815000017e-4,0.0041010394213875,-6.15764588275e-4,0.0017224826243757501,0.0013677778378837502,-0.0043622427154825,gaze_duration,onestop
2,0.042622709774275,0.0339535372804,0.0050647229403875,0.0136077937963175,-7.188981072425e-4,-0.0121922303158,-0.002795462943225,0.00481563476456,0.0028595269247599997,-0.00707703155456,2.962145459200001e-4,0.002677231250998,-0.00454233896874725,0.003414009159405,gaze_duration,onestop
3,0.16926134075,0.1975354375,-0.012692268088435,-0.0127302735159325,0.0096115743957675,0.00806832255707,0.0086739963844,0.019911984593075,0.02496105715715,0.022150943402345,0.00556045560527,-0.0020885578109582498,-0.0011611443526920002,-3.846030024049997e-4,gaze_duration,onestop
4,0.0539867757355,0.105137239275,0.01788649604775925,0.03685253325975,-7.413963197750024e-5,-0.015069219035822501,0.004381818395531,0.0180528096020275,-0.0040089489569025,-0.0024166245885775,0.00877234097304225,0.0040872785277225,-1.4749757500000002e-4,0.00368334700739725,gaze_duration,onestop
5,-0.020547512164550003,-0.0202933258277325,0.008761412400505,0.0147280196828525,0.00512405321347,8.542141785320001e-4,-0.00581066056979525,-0.00815790149928,0.0036910314553520005,-2.5894426548249996e-4,-5.159516868422502e-4,0.004038273056175,3.0033181072957514e-4,2.89559617614e-4,gaze_duration,onestop
6,-0.1310046017,-0.125068191275,-0.02471573905805,-0.028696260501575,0.007220302886550001,0.0148949192009725,1.5603274164050003e-4,0.0056592081877435,0.004194992046912501,-0.00467605035881,-0.0050984753389775,-0.0019457354118,0.0014731126784965,0.00245334232082,gaze_duration,onestop
7,-0.106674770925,-0.0840772026975,0.031734814521125,0.0575782176975,0.0021724966469149998,-0.0113067801176375,-0.0060624006327385,0.0048320005733275,-0.0021467410256525003,0.0014379468924975,0.0045295354514175,0.00420004847627725,-5.689293501094999e-4,-0.0037745325879100003,gaze_duration,onestop
8,0.05621634411825,0.0069464932701875,0.01533365760315,0.008594842975402,-0.006923556230075,-0.002200601114595,-0.0040957091094675,-0.0051780181553975,-0.010349298235702,-0.0024977170116525,0.0020420226221525,-7.80417706885e-4,-7.012825273175e-4,-0.0065784594281199996,gaze_duration,onestop
9,-0.141347444175,-0.1278577055,-0.0063931548523625,0.007854567330025,0.00956302650819125,0.00793915660803325,-0.00641027828295535,-0.0042029774243825,-2.1264240200199975e-4,-0.0016459695992925003,0.0015796905697135002,-0.0018241891826025001,1.1417300374250017e-4,-0.00203883871859025,gaze_duration,onestop
10,0.06748434326175,0.0557066900025,0.049905091477500003,0.060464735325,-0.0130655576372,-0.02787564755535,-0.001112310083364725,0.005711765448425,-0.009098263349905,0.0027927195557025,0.0104319125234675,0.0083915394526175,-0.0037361369862858405,-0.00871400211552,gaze_duration,onestop
11,-0.10637489775,-0.094148202325,-0.0232221302762,-0.01434914786683,-0.004966779564632,0.0015065272200349995,2.809024149424998e-4,0.0037061047286499997,-0.002585612691655,-0.0067822538534300005,-0.0055079931853925,0.0019636301393149997,0.0016678151919198752,0.0025160339002190005,gaze_duration,onestop
12,0.0298811136132,0.011280755304026498,-0.0103189205785725,-0.0135245617042425,-0.0032328391843825,-0.0017801730923250002,-8.4993655875575e-4,-0.0118545926274175,-0.0023554394204322497,-0.00294539960691,-8.044055300075001e-4,0.0025062020574775,9.0004192173675e-4,9.321791476728824e-4,gaze_duration,onestop
13,0.167787679525,0.159182719875,0.02577009525845,0.020614146920625,-0.0061171765334425,-0.01630893474085,0.0014213530343524998,0.01452229982885,1.9664063584499988e-4,0.00605533770874275,0.0030919475942474996,3.7751389524999984e-4,-0.0017030440665025,-0.00231858603659375,gaze_duration,onestop
14,0.011952419776359998,0.020507997649485,0.0206219242802075,0.039142541768825,7.321188265924999e-4,-0.015264744857115,-0.00429142897260675,0.0066457257106025,-0.00746926383992,-0.0128034750317825,0.0051730152404975,-3.9261060825075e-4,8.287723724195e-4,0.00190125569093,gaze_duration,onestop
15,0.06806827781175,0.114945367075,0.0014943347152125003,0.006346295505320251,-0.0014554096792474998,-0.0081159863012,0.0025767287851449997,0.0147220198147,-0.0035881786584475,-0.00346003277607,0.0056660083420325,0.0016922750227800001,-3.6037282460475023e-4,0.004599757747068,gaze_duration,onestop
16,0.046142073416000004,0.012620705953000001,0.018127922673975,0.0223527402659,0.0018260439973400001,-0.005044975999625,-0.00146327664973225,0.0036576203030930002,5.9167349342e-4,-3.449712651330001e-4,0.007876295068002,0.0026079059955890975,-0.00231270010805275,-0.00386760800468,gaze_duration,onestop
17,0.0731236246525,0.08954645215,-4.9419642397500045e-5,0.006579127479325,0.0013372705464575,-0.0074353111777245,0.00511167870526,0.011641197556617501,0.008152471663415,0.0088604906489125,-8.293335432082501e-4,-0.0013298445954505,-6.082611367178749e-4,0.00161284793683,gaze_duration,onestop
18,-0.150969941225,-0.105488677825,0.024117300170075,0.046874459605,-0.0028392532566275,-0.01682304470232,8.188363299825e-4,0.020007765958145,-0.0017373718202300004,-0.0015084076268074998,0.0015256572687999998,0.0026475072297975004,-0.0021783803331175,0.0011276188364525,gaze_duration,onestop
19,-0.056046469854025005,-0.0074997754101675,0.00879205208479,0.0305923649957,0.0115815250016275,-6.364348103075005e-4,-0.0050909990120275,-0.0041222196045035,-0.0053556028289225,-0.003227594525515,-0.0015856999068789997,7.9058863975e-4,0.00220317009672775,0.0036118399587075,gaze_duration,onestop
20,0.24732005175,0.2117784845,0.03552365628025,0.04097010659775,-0.0164376701927,-0.0223991745903,0.0022005285119525,0.005738406544625,0.0018148302154000003,0.0037808568635699998,0.0023508042778424996,6.694015677899999e-4,-0.002243525627615,0.0015851555765849998,gaze_duration,onestop
21,0.066966636165,0.0643977222225,0.008553240982765,0.004238472976205,-0.00173862962416375,-0.0036002806388475,-7.221607560675001e-4,0.006913518827064999,0.0013996629739175001,0.0030551298879575,7.595987132224998e-4,-5.70593039736875e-4,-0.00144952059062,0.0026997000918275,gaze_duration,onestop
22,-0.038533656730325,-0.053238527885125,-0.01274032918936,-0.0169774523908725,-2.0265907287500014e-4,0.01108767549657,0.00490594972968,0.01773090473495,0.0135816770737,3.1432080585000275e-5,0.007701043870675,-0.002938462470323275,-0.001034999461283,0.0019314039815849999,gaze_duration,onestop
23,-0.157648608125,-0.08967435402,-0.0113835948585475,-0.0017099974805625002,0.0084232832969175,-1.9615771453749994e-4,0.00146741162453825,0.0177824561368475,-0.0050954574514885005,-0.009511989022050001,-0.00151618156341975,0.00338881811814,0.002845486262677825,0.005739911235625,gaze_duration,onestop
24,0.13712540955,0.17970953775,0.005764070585767499,0.00329166177467775,0.00832643724527575,0.009068982938125001,0.00654588036574375,0.0108501874091125,-1.7094596372474986e-4,0.009740612980800001,0.006533745279235,8.3181615039875e-4,0.0025757283585035,0.0024088487765425,gaze_duration,onestop
25,0.0353876373466635,0.06168971202,-0.006885296460555,-0.0096047012736975,0.009190733584605001,0.0122145024263425,0.0050079477027975,0.0050375290117375,0.012812799415315,0.0196594047499,-0.00403173145679,0.0010926739488299998,0.0011899689702275,0.00173875881182,gaze_duration,onestop
26,0.058630241733675,0.026568909652949998,-0.02077342761065,-0.01830057687335,0.0024080988413875,-0.00250021182339,7.577214774652501e-4,0.0088589302116725,0.007013129771707,-0.003838673932325,0.0025495721849050005,0.0015292216014110003,-1.4459095623750058e-5,8.77471055175e-4,gaze_duration,onestop
27,0.15435834445,0.1407099777,-0.00846462091933,-0.01324339414083,0.0027947146426625,0.006862113766898,0.0029488469904822502,-0.006203593493305,0.009776800606875,-0.0017348668342450002,0.002207954485795,0.00532755204920925,-5.216447811497502e-4,0.0033177935779207498,gaze_duration,onestop
28,0.0077946271009975004,-0.00639344615819,-0.0047009776206915,-0.0103851476041125,0.0037989748805825002,0.004002987840937501,0.001299856904565,0.003043404983105,0.0058709960962525,0.0104088256552125,-0.005518861065097499,-0.0028689679226145,-7.854486069937249e-4,-0.0028268675756624997,gaze_duration,onestop
29,-0.085822146,-0.12092721195,0.002111641746405,0.007480614727025,-0.0038328731688275003,-0.0125908791161625,-0.0052840916139425,0.0051605511742,0.005776545345605,2.3970347646749978e-4,0.00104918215620675,-0.001311370572085,-0.0052018418772395,-0.002210243023405,gaze_duration,onestop
30,0.044723149178005,0.0752808148475,0.009982092461415,0.01035791876451,0.012094809682405,0.007381768317146175,5.6963689236525e-4,0.0076329794096125,0.0028429496819490003,0.00134932324129,0.00320588835719775,0.002972378254875,0.001549193954618,0.0010341607702099998,gaze_duration,onestop
31,0.049236109101275,0.099986768325,0.0085478208614525,0.0280820577586,-0.0035675931828674998,-0.01589419572793,-2.7413413912249997e-4,0.008163214062525,-0.0114418437507075,-0.022361299514275,0.0055942163036925,0.01172504044024125,0.0026147035750665,0.00663428595539,gaze_duration,onestop
32,-0.360777199,-0.302577143,-0.0029853643214625006,0.01811930028716975,-2.0140819925599978e-4,-0.00667466096255725,-0.00571171889223,-0.002762780057045,-0.018964812398875,-0.0147094603934575,-0.011392324660054999,-0.002918046824729,0.0020958867306550004,0.0025854521803575004,gaze_duration,onestop
33,-0.062037395082499995,-0.0665762195875,0.0185223934192425,0.0186661925461,0.0016315740537249997,-0.009688451802455,-0.0076299291959415,-0.00109745057008175,-0.0020784430841792496,5.2318645584e-4,-0.0040490221905250005,0.0013750384401554998,-9.314380003255e-4,-0.00405550442730275,gaze_duration,onestop
34,0.081261476505,0.085514470625,0.0012524956090504997,0.00195950142117,-0.00392538276552,-0.00364797350472,0.0017443837149750002,0.0030782360009925,0.002861672951049999,0.00119335625316275,0.0015874417289899999,0.00514563454839375,1.8689326177499994e-4,6.712212152375e-4,gaze_duration,onestop
35,0.0334535965713875,-0.012062715807250001,-0.0056249572245925,-0.011084903032162498,-5.062768584124999e-4,0.0015988247093250002,8.7250623795625e-4,-2.9667771609499994e-4,0.005335697914325,0.0016837688294940002,0.0016006618472275,-0.00300975883920825,-0.001687989950374575,3.110230010249995e-5,gaze_duration,onestop
36,-0.22389943525,-0.215575154,-0.020780877461375,-0.0223846673268825,0.01475001587785275,0.0154256989687,-0.0079963969745175,-0.0086241281409725,0.007695623812075,0.0055375375136,-0.008409455309030001,-0.0046573524505300005,0.0014620264855394998,-0.0017385055039049998,gaze_duration,onestop
37,-0.0236579838130575,0.0086769785668158,0.002117622108813,0.004172614050850001,0.006990811560685,0.0027048841795875,8.572551122874998e-4,-0.00298367182931525,0.007780086630315,0.014822201801575,-0.0024341670730499997,0.00460704643115975,0.00201374298711075,-0.0030743520898,gaze_duration,onestop
38,0.2311147795,0.2550948385,0.02637934172175,0.02025766057896,0.007259031594155501,-0.015739766869074998,-0.0016748259422152498,0.011546431254605,0.009504376400365975,0.0132063037366525,0.0032486399123464998,0.00335380723952875,-6.938940284012499e-4,-0.00312184474702225,gaze_duration,onestop
39,-0.174076699375,-0.1676492002,-0.0139088940390775,-0.0066270063127,-0.002121351750555,-0.001574816253195,-0.0024779766252105,-0.0019303031182350005,-0.0055894641873025005,-0.00745261428883,-0.0061993314969,-0.0012339766233845498,8.504718822826774e-4,2.0545279586924994e-4,gaze_duration,onestop
40,-0.3017289715,-0.29522786925,-0.0067506429708475,0.006794461683055,-0.0032255276856025003,-0.010753413311275,-0.004047365771133501,0.0076318675426675,-0.013795742091675,-0.0239219566457625,0.0024139415296724996,0.0038590311156175,-0.0013440807403977504,2.8869425221000016e-4,gaze_duration,onestop
41,-0.050768631537275004,-0.07391177969,-0.0037568022109049997,0.00402992543930375,0.0013993820793825002,-0.003123894542271,6.364152047775e-4,0.0075318117078075,0.00933576812844,-0.003829426284747,0.0024841718442600003,2.752953145634677e-4,-0.001972005491879675,0.0010564809300505002,gaze_duration,onestop
42,-0.092892912075,-0.106094059725,-0.0071768476768645,-0.005797436716296,0.0029180586043675,-0.00127182453201525,-0.003349566407675,1.5756657487249993e-4,-0.004060143604275,-0.0054086455526625,-0.001712512015655,-0.004159865341770825,-0.0010463520087908,4.184250252775e-4,gaze_duration,onestop
43,-0.316631987,-0.30777867975,-0.015156156423155,-0.00475953540271,0.01147407010893475,0.008370550869845,-0.0085744812695,-0.0128590455866075,-0.0045448921862975,-0.01003001048564,-0.00112825824479575,0.0030475658981825,0.0021917367105555,0.001175109350805,gaze_duration,onestop
44,0.28780480575,0.28247788275,-0.0038287482883450005,-0.005084715273865,-9.358507532422499e-4,-0.0011561127835175,0.0049033193649725,0.01978941630775,0.0116475154780425,0.002777791348565,0.00835575015239,0.005015325302175,-0.00162404695584,0.00419389917212,gaze_duration,onestop
45,0.062322056329075,0.064337716515,-0.0157122601952345,-0.019575340911275,0.0029526219911625,0.007113431567914249,0.0036328668680325003,0.0095994683592825,0.002201679517225,-0.004258969985055001,0.004403083688745,8.897615053222748e-4,-8.858321700642498e-4,0.00721752897137475,gaze_duration,onestop
46,0.103741292325,0.0817842431,-0.0095729112033125,-0.0172773594141875,0.00197044262192,0.010784999351405,3.7726401606e-4,-0.0025774983319375,0.00326280576633325,0.0011683754004800002,0.006724192437437501,7.937674654477501e-4,2.1176923005249948e-5,-1.3939559484e-4,gaze_duration,onestop
47,-0.1463674149,-0.138087697875,0.0234133348779815,0.03303565002035,-0.0073024829861875,-0.014131932200995,-0.0074385155558375,-0.00728990410364425,-0.017515181919775,-0.00991192147973,-0.01241563271225,-2.979764360617501e-4,0.00268196693639,8.959882406499997e-4,gaze_duration,onestop
48,0.25736310925,0.2332202665,0.011903051174315,0.014949626889148226,-0.002160816577067,-0.009282643580675,0.00256936260677,0.011257511894295,0.0021676156442825,-0.00134789150118,0.0087010169877175,0.00542982080417775,-0.001658863497463,0.0036592332852175002,gaze_duration,onestop
49,0.030521624109499997,-0.007809363316904999,-0.00583495702497,-0.0032365324095075,0.00303701300463,0.002575216120752,-0.0026543591030205,-0.0019443222065675,-0.003953852708451,-0.0106022799665125,0.0076122873798775,0.00313346277406525,-0.002077331809685,-3.811713153157501e-4,gaze_duration,onestop
50,0.168512016,0.111217547125,-0.00657339912656,-0.0097629524681025,0.00322055228369,-0.0014818548715699999,-9.3467130594225e-4,-0.0011928890868777501,0.012545967797375,9.870777050574996e-4,0.0061370921508375,0.0030205270785055,-0.00313650487796875,2.497048075732501e-4,gaze_duration,onestop
51,0.077708940185,0.079517584,0.0065479196384174996,0.01179545758107,-0.00247064188669575,-0.0075974492717825,-0.0020555128553250003,0.005460951984075001,-0.0017088721346100004,-0.0025828576868600003,0.0023960569855745,-0.00259720551487375,6.230231672587002e-4,0.0027855753670915,gaze_duration,onestop
52,0.0474655886185,0.1077371862,-0.00187651163955,-0.0015493425491550003,0.00196601859841,0.00334550483644325,8.180836732050001e-4,0.00227027754531275,-0.005900155597772501,-0.006373489412235,-0.005639221747475,0.00114747382271925,0.00337790581795775,0.0059786513686675,gaze_duration,onestop
53,0.30761411075,0.3263294875,0.012650828807355,0.02200287664254325,0.010138958149870375,-0.0019241454390525,0.00357848150379,0.014936641378475,0.0083573923939525,0.002185984885091,0.008396082654232499,0.00297447513665,-0.00109910290714325,0.0076988569941199994,gaze_duration,onestop
54,0.033797022367275,0.016402066267425,-0.005705976354162499,-5.556366269052503e-4,0.0031620644686650005,-0.00796398123972425,-0.0031687470028400003,0.0019204881844774998,-0.0039519825933075,-0.005438276082405,0.0062921985663756,0.0018870589516874997,-0.0012947573727885003,-0.0028673739031350003,gaze_duration,onestop
55,-0.016746852863025002,-0.0212472020540925,-0.0306856629101475,-0.036850654599725,0.0030896676592425004,0.01020112686264,0.001623328512095325,-0.00532194672298175,0.00509902329913625,-0.0017939236035425003,-0.0058167452465145,-5.270425118752504e-4,0.00112412324227275,0.0074270249378725,gaze_duration,onestop
56,0.088956705425,0.137805095375,0.0247183712028725,0.02828120882492,-9.036370531999998e-4,-2.695419858975e-4,8.900397600650001e-4,0.004815833131986,0.001203006796089,0.014202687755525,-0.007226150876345,-0.0018943229420082502,0.001591541239645,0.0042860919203449995,gaze_duration,onestop
57,0.147227786975,0.1682432295,0.006701960906817499,0.03073583963375,-0.0063555415953650005,-0.0132725608795825,0.00175277998465625,0.0090316726591325,0.0046375346737755,-0.0028948056445675,0.006013047478235325,0.00367567356021425,-2.8300158043250003e-4,0.0068540029991825,gaze_duration,onestop
58,-0.1759359145,-0.1762043215,-0.0049941639111725005,-0.0010899193384457495,0.0017875764100524997,-0.0055098914323575,-0.0039156104240725,-0.00422666681019425,-0.004835059055865,0.002931580516125,0.0015627116337519748,9.884420400243e-4,0.00119277291323275,-0.0051940220945525,gaze_duration,onestop
59,-0.07054358181575,-0.05826397965025,-2.0791444769749967e-4,-0.00175461684802325,0.0126136797912885,0.008683488533725,-0.0057558695535525,-0.00536169092271225,-3.0511693697249994e-4,0.005350129820915,-0.0035254433472099995,-0.0026588590563675,-5.575600564072501e-4,-0.0025964977882124997,gaze_duration,onestop
60,0.022486943460695002,0.032644217321025,0.005514287918045,0.0077212285703200005,-0.00875368880625,-0.00155748408489,-9.141470100690001e-4,0.0055658717538475,-0.0047786590354033,0.001806429508812,-0.0035489036700874998,-6.371691594774999e-4,5.814878782093125e-4,-0.0013515112887475,gaze_duration,onestop
61,-0.009416563386672499,-0.02285068358957425,0.0063734814217775,0.010710041871035,-0.0286214327334,-0.02914938654225,0.0052071005637699995,0.003233369773175,-0.006077805340825,0.001250885064555,-0.0016440406697389998,0.00307952088751475,-0.003035381413815,-0.008023427711164,gaze_duration,onestop
62,-0.128502944175,-0.025541944906905,-0.0262508413733,-0.0051226134047875,0.00911359755055,-5.110516091549998e-4,0.00311388685431475,0.014516127721725,0.0027007767712052505,-0.0020218676828749997,-0.00429461609037,0.0032215088128081,0.003113636244067,0.01018361396547725,gaze_duration,onestop
63,0.0325539428608,0.0022122931955199992,-0.016988747172225,-0.02244554424348875,0.009565194716775,0.017487882470349998,-0.00267143517546925,-0.022046252153375,0.00818015255686,-0.0011112688792535002,-0.00560626235038,-0.00139595191767,0.0013834776623105,0.0018802668086275,gaze_duration,onestop
64,0.0024811257792749994,-0.002823975632035002,0.01222924545115,0.0173617995930175,-0.0026110505823449997,-0.01303946196399,-0.0049448499631305,-9.078608129307498e-4,-0.008120158839345,-0.01338033530126725,6.977264772249998e-4,0.0019297568349475002,-2.9321086432175004e-4,0.0014771109272075,gaze_duration,onestop
65,0.09189513785,0.1488882875,0.033075113213125,0.053776956685,6.908408471639993e-4,-0.02393616913514,-6.600201899410001e-4,0.020432746982249998,-0.0077192330870925,-2.993611999349995e-4,0.01143782758838,0.007190963064375,-0.001752443322261,0.001306885128661,gaze_duration,onestop
66,0.075575213525,0.0328307603943,0.005619502479145,0.0081529046492825,-0.0063561034371015,-0.00482939109305,0.0030074078522742747,0.002861214205635,0.00884361907697,0.00965187561291175,3.968963525932497e-4,-0.00110666801338175,-0.00182286828102325,-0.0016765445705425,gaze_duration,onestop
67,-0.109104575575,-0.12446795535,0.0072603841635375,0.02540236671725,-0.0064502526682,-0.0126319393579775,-0.0021209049010624996,0.0049859729230675,-0.01287476718365,-0.0202621949321225,0.00329022899547,0.00688033821013675,-0.00132500742022375,0.0017654904354577501,gaze_duration,onestop
68,0.142548326875,0.2317352675,0.0102024539036875,0.00770534683794825,0.0117558322528225,0.0068672683402925,0.0014809853199149999,0.0115773075206625,-0.00424838978908075,0.0080048766864075,-0.0038033249674674996,-0.0032308411403549997,0.003464097784236,0.0073260971067087505,gaze_duration,onestop
69,-0.2804437535,-0.268345387,-8.75969853225e-4,0.01457921780899,5.542586779549998e-4,-0.0045036959114125,-0.008560523726435251,-0.010543131981928,-0.00455374857817,-0.00212636426601,-0.00363541256018,-0.0016485575832524998,-4.1091132640749996e-4,-0.0024897826281724995,gaze_duration,onestop
70,-0.105327748795,-0.117856203525,-0.0078688646754925,-0.005440261694825,-0.0013030828236549998,-3.9593961932000055e-4,-0.00409542302814,-0.006920965956315,-0.0091096120845885,-0.0054542462928274995,-0.00235855863613975,-8.952765587000001e-4,-0.001042815850466,-0.00282752418796,gaze_duration,onestop
71,0.299934648,0.35623838475,0.01229762173435,0.033789858725425004,-0.0038182741565375,-0.01450619179385,0.010112759929541,0.02223891124266,-0.0042953269383500005,-0.010415212977784501,0.0123030614671985,0.00979942604099525,0.0012422695145424994,0.0102625837400825,gaze_duration,onestop
72,-0.171112821375,-0.22085298775,-0.0135951277515875,-0.0069351947638225005,-0.0092457497511475,-0.0072788475775205,-3.8609465585249993e-4,-0.0036026257842025,5.9779215579e-4,-0.0038530798970575,9.326734625375005e-4,-7.863384994609998e-4,-0.0012568030030175002,-0.002488466456804999,gaze_duration,onestop
73,0.062215693352,0.052393598349,0.0140938979826425,0.0171175875398725,-0.004885776112795,-0.006082569973347499,-0.002686902624654425,-0.0033859989382475,-0.00726820769900225,0.0017858618242249996,-5.725830417600002e-4,-0.0020758211040655,-6.84453261951e-4,-0.0013063685115320002,gaze_duration,onestop
74,-0.008743496083525,-0.01709947247089,0.04827874078,0.05751129535,-0.0071698630522125,-0.02011701913275,-0.0036281966964694,0.0035899079610675006,-0.0029851793552815,0.0136971453455125,0.0068110226347725,-0.0028409479069575,-0.00195227389894125,-0.008692908571545,gaze_duration,onestop
75,0.30497042175,0.3108041505,0.032183342798,0.0453121316522,-0.00568877567968425,-0.018184664183397498,0.00719480546413525,0.018730506633325,0.00798623880453,0.0016450533845974997,0.014812454568665,0.008004487579605,-0.002480542811677,0.001114755421621375,gaze_duration,onestop
76,0.179462717775,0.18645622325,-0.0153040642593925,-0.01585343704665,0.0017129608282375002,-8.463925721224996e-4,0.0019543582620125,0.0067350386741375,-0.00403624224925775,-0.0168390017341325,0.006475347975955,0.00626857231220175,2.524635600966e-4,0.00666965674296425,gaze_duration,onestop
77,-0.074265937685,0.04702328248125,0.01137190122655,0.0263353859339,-0.0035370685355100005,-0.0027146996192675,0.0059073307330375,0.011760907589415,-0.0143184666426,0.0015246525122149998,-0.0027133924556475,0.0029397731750999997,0.0023482704330257498,0.0059606043431050006,gaze_duration,onestop
78,0.0452977230691,0.0714527155325,-0.007899764409507501,0.01232717916348,0.0019924769609200002,-0.00692062982171,-6.752283246117502e-4,0.007880278000462499,-0.009416821099925,-0.018100693841795,0.0024261275320912497,0.0113103871193425,0.0022180558402560002,0.01025595260444,gaze_duration,onestop
79,-0.059103638554749996,-0.05703371988775,-0.0099726030742925,-0.0064990772621525,0.0040773331480775,9.587004044999981e-5,-1.6682097201244995e-4,0.008969604741365,0.00410590059875,-0.00199749953418,0.0011161569819786198,-0.002062988170439,-9.53950275878e-4,0.002508406438479,gaze_duration,onestop
80,-0.13579986435,-0.06259503425075,-0.0154390850064,-0.013534981038925,0.0054492244520100005,0.010236426006005,0.001251128001665,0.0015459238570175,-0.00554453097428,0.007512535908835,-0.0074791714550950005,8.84766446349999e-5,0.004222554391475875,-0.0021101711236825,gaze_duration,onestop
81,0.0272590427208325,0.018989345712125,0.01108598721973775,0.012762448537721498,0.0048514558755375,-0.003025985857455,-0.004496668547835,0.0030217032459875,0.00606196475965,0.0055329962168025005,0.002380963033685,0.0026659946301100003,-0.0016424428940025,-0.00315578631359,gaze_duration,onestop
82,0.261144638,0.294176507,0.00798482142164575,0.023330821115450002,0.0093118111714025,-0.00459275647485,0.0033673705329925,0.0178196390472,0.0064468814740775,-0.0041256685399749995,0.012115771000885001,0.009808516587468,-2.4511294039800027e-4,0.005826662431775,gaze_duration,onestop
83,0.12364638055,0.160006717325,0.0164120320246075,0.027220003347227,-0.0046733069607125,-0.020772837521725,0.00277200655483775,0.021199198586475,0.0011797138276375,6.825886763250002e-4,0.011150683134485001,0.00706531887422925,-2.0213444673000046e-4,0.0028744736102102497,gaze_duration,onestop
84,-0.0456459259747,-0.0573085956885,-0.0021251146422675,0.01023368590619,-0.0042211959560875005,0.0019302168411874999,-0.001503329667475,-0.01585874034855,-9.675971036537502e-4,-0.01274434516368,-0.0016997324269475,0.00231980113459,1.5432978043025008e-4,0.00456430266381,gaze_duration,onestop
85,0.011649538658375001,0.0147583487369725,0.0240227898220365,0.03628552308,0.00707653885613825,-0.0120711381258225,-0.00293866211364675,0.0052061931370995,0.0078160015895225,0.0082404537848925,0.0061925308703025,-0.00115413440150675,-0.00299902347002,-0.0027852247062675,gaze_duration,onestop
86,-0.141121146,-0.18082581125,-0.0031843966966175,0.00190706789814375,0.00586359779201,-0.0028340048114127497,-0.00715091166883885,-0.00571710634245,-3.249190643825e-4,-0.0083725106474,0.0037651465162924997,-0.0013764793439542497,-0.0032341717534964502,-0.00209764563823925,gaze_duration,onestop
87,0.0067610409872049995,0.08044813632975,-0.0110997119433225,0.0039343543025874995,-0.0020911379777000002,-0.0022772792994275,0.0039102676889,0.011348621814835,-0.00675210319874425,-0.0026932262271900003,-0.007412352617245,-0.0015903370659999998,0.00236201940357725,0.0073211102611924995,gaze_duration,onestop
88,0.3195198085,0.3225074835,0.010856549750024999,0.00455730580675,0.011876998094975,0.0074041744572175,2.8015767679500015e-4,0.0029092212456450005,0.005872646109882499,0.015564486802655,0.0088022830800575,0.00327709760532975,0.0012969884816804,0.0023230987358075,gaze_duration,onestop
89,-0.177875162825,-0.192278213,-0.0359057610682,-0.041083027639,7.399950809500005e-4,0.00395276990726425,-0.0012703849293522502,0.0014387458327624998,-0.0060665252280077495,-0.01309707272643,-0.004107192480715,-0.0023621420813760004,3.0201831037425e-4,0.0022414787506127498,gaze_duration,onestop
90,-0.089564877475,-0.06308228191275,0.0031276133078075,0.00552899100042525,0.00980421530349,0.004342503407244251,-4.6652503882849985e-4,0.013364304242209999,0.01597360229270375,0.01707488721275,-0.00540482705300975,-0.00571784449824275,3.1688734119150004e-4,-0.00283327365048175,gaze_duration,onestop
91,-0.20986714925,-0.19825628475,-0.0014400389034450003,0.0087033075573275,0.0019309697491118,-0.0015362683960975002,-0.00510652407748525,-0.008620601522125,-0.0024137762578399996,-0.003148433852765,-0.00772482623630775,-0.0017184940367409999,9.681325905525702e-4,0.0018093192784425,gaze_duration,onestop
92,0.0840750446,0.028278817913350747,-1.249028143275e-4,0.0025203233868449997,0.0034415208613149994,1.3228438551999964e-4,-0.0016651226529659998,-0.0014507867267849995,0.006386650791635,-0.0038618684321824995,0.00639091359429625,-6.565325467122502e-4,-0.00316547989930355,-0.00262948407433825,gaze_duration,onestop
93,-0.105104324725,-0.0981089264,-0.0139124103030375,-0.0044624709457525,9.9363811642e-4,-0.00155925127565,-0.00185801723862425,0.0030732794038525,-0.007618982491847499,-0.0163060693884,-0.00113979674065525,-2.305355893075009e-5,-0.0019798829210354997,0.00677864529828275,gaze_duration,onestop
94,0.087821431725,0.1100889074,0.00337261933827,0.0031503751582375,0.007348253413405,0.0028540166967800005,-0.001396438527135,-0.0012262143951625,-0.00105843364183,0.00549073626345,0.0034099509721775,0.00449848398375815,4.957550329424999e-4,-8.527483120510001e-4,gaze_duration,onestop
95,-0.0897206648,-0.093838323725,-0.0023750339595474995,0.0120801909781,1.521763054217496e-4,-0.00177387801859,-2.0974846909750024e-4,0.0136507757728125,0.0084233636302875,2.977283748000001e-4,0.00358356297617125,7.315571221152501e-4,-0.00192632502739525,9.705431892025001e-4,gaze_duration,onestop
96,0.104130777675,0.15491660965,2.0196599400499978e-4,-0.0022079707295800002,-0.0027970572952824993,0.00915054822,0.0091887431627225,0.0137958361409875,-8.228582615124998e-4,0.00726633158998425,-0.0035885516598925,-0.0035795617907457503,0.0038417783127074998,0.00551656663896425,gaze_duration,onestop
97,0.1808227835,0.159800823125,-0.0045646985874725,-0.00148233617285,0.0049765316293425,9.238971550700002e-4,-0.003095747161113,-0.0027506723745625,0.0021163419007,-0.007484191944965,0.0069539848523125,0.0041990141121875,-7.5470873907095e-4,0.0062280046295825,gaze_duration,onestop
98,0.049394222518325,0.0651160762825,-0.017892674845895,-0.014445627409037501,0.0113271827395,0.004881067262607499,9.961295338175e-4,0.0051854461921,0.01214022832973,0.0049958580328525,-8.559280798274998e-4,6.56826455718e-4,-0.0011297586908915,0.0031570673064925,gaze_duration,onestop
99,-0.06768727492155,-0.07824714995,-0.0163066744981775,-0.0071299776192775,-1.7240124255249882e-4,-0.00246751122934,-0.0025743741520424996,0.00215726943534,-0.00433654708414,-0.015637170591825,3.962010710575e-4,0.0034515811593549997,7.258355578249992e-5,0.0045805756157875,gaze_duration,onestop
100,0.06097322861775,0.038409882449225,0.0042062796993825,0.0158627318277,-2.6161580772750005e-4,-4.264824120175002e-4,0.0012645178370875002,0.0031170490417,-0.0015595870204475001,-0.0089398761458,0.01162118195394125,-1.1334205458872524e-4,-0.0015066148169385,0.00172597569242525,gaze_duration,onestop
101,-0.071009003635,-0.073491809645,-0.0061084108891874996,-0.00324388433206525,0.00268653825168075,-0.00685098322905,-0.0053962934477875,-0.0040773433827,-0.0053120697344325,-0.0109136789648725,0.004932283118357249,0.0030844225055095,-1.1328910300174978e-4,-2.2487835086749995e-4,gaze_duration,onestop
102,-0.131200412275,-0.08501477835,-0.034385811048,-0.025903803775775,8.576559446300002e-4,0.00437101923082,0.0024311697985475,0.00489360401012275,-0.0069054918905685,-0.018857319611492,-0.0046891077659017505,0.0026395829514525,0.001044185044695925,0.00655925101251125,gaze_duration,onestop
103,-0.28731718775,-0.269432186,0.00328787370113,0.010358547195517499,0.0059125446159625,0.004370841767415001,-0.0061062151037825,-0.0059166572325225,-9.448310418999998e-4,0.00613559598187,-0.0019317755657247498,-0.00418292015243,2.6522243825750013e-4,-0.005414788184035,gaze_duration,onestop
104,-0.1627670672,-0.099563388225,0.010990424691137025,0.03095690563375,0.0086212893530025,0.0084904549085905,-0.00375923912817525,-0.0039969675446225005,-0.00481398143943,-0.0015563868131600002,-0.0045188641629735,-0.002531644436905,0.00313202521358675,6.010270311547502e-4,gaze_duration,onestop
105,-0.155201453625,-0.156859613925,-0.007997811871795,-0.00972902520855125,0.0129388549461475,0.005836437779657901,-0.00430696398117825,-0.0018314698237267503,0.00961058692036,0.00582248107413,-0.0019985441456045,-0.00269050646252,0.0010674426938249999,0.0011051661527374998,gaze_duration,onestop
106,0.26016883025,0.257956924,-0.01431392504151,-0.01261210805752925,0.0022842679803725,-0.00256886460578565,0.00609706250083425,0.0097373904371225,0.02179072509975,0.014212252970187501,0.004351499724425,0.003951831532979,-0.0033494942546719994,0.0026494850128925,gaze_duration,onestop
107,-0.141944105,-0.07811471145,-0.0033908830877325,0.008914588658275,-0.005870125319473,-0.010412544322495,0.00218909847250325,0.003424587980610525,-0.0178288519651125,-0.011968808432039,-0.010313235639249999,0.0027180628360569995,0.0037707999118455,0.003360843611115,gaze_duration,onestop
108,-0.23354245875,-0.21676928175,0.0135123527168625,0.021426382324125,-0.01064785513884425,-0.01847085641065,-0.0011933976452829997,0.0020615586521325,-0.0190877792594175,-0.018078761360325,-0.0057868369449150005,-5.521766541758252e-4,-6.1101207402485e-4,-0.0015670438836,gaze_duration,onestop
109,0.008435681628950002,0.05280938196625,-0.0105336999759725,-0.0126291115289125,0.0059155747644122495,0.00383436466469775,3.4347188281749996e-4,0.0052910397778525,-0.0011762546256626999,-3.4915672241500026e-4,-5.903079303225001e-4,0.0028959848671655,0.0017495051768930002,0.0018909832262550004,gaze_duration,onestop
110,0.093332370625,0.05628657440775,0.015284939714305,0.0163946282520325,-0.007992458805415,-0.012713375947975,-8.222972941150024e-5,-0.0031176875418725,-8.503453222852502e-4,-4.8288099512500013e-4,9.531406740624999e-4,-1.5871412524500034e-4,-0.0016266781511625002,-0.0032979821638293,gaze_duration,onestop
111,-0.16555281665,-0.06692668277925,-0.01735765298512,-0.007377950025845,0.009399540976774999,0.005585307836357499,0.0010759839643425,0.021173958021,-0.004968089764296,-0.00811044906445225,-1.2904114346600022e-4,-1.424590314142499e-4,5.674735316982501e-4,0.004091355059987,gaze_duration,onestop
112,0.07392419806,0.10738520115,0.0045627228111749995,0.014866663713675,0.0011005203188974998,-0.00249073426544,0.0013758972856675,-4.91578029975e-4,-0.0021760878808824995,-0.0030179287651625002,8.717988736650001e-4,0.002076096540256,0.0018906728734575,0.00333849031939025,gaze_duration,onestop
113,0.20744216925,0.2500003445,-0.029169556793245,-0.03805771337125,0.01190598318272,0.017072930268075,0.009411891758865,0.01308123079864,0.00915321034318,-0.0024973811516975,0.004743172811012501,0.00252469573350725,0.0019956966931145,0.010828978050975,gaze_duration,onestop
114,-0.10817394465,-0.13631184465,0.0013545855033075004,0.0019483183436254997,0.00249172786063225,-0.0036965157282325,-0.004885911235685,-0.013031184658375,-0.006852406570505,-0.009252609339925,0.0013932805701929998,0.0017213273987,-6.066617895035001e-4,-0.0011421859777849999,gaze_duration,onestop
115,0.123002183475,0.18513243875,0.0143450684604375,0.03313224930825,0.007205824548125,-0.007342635537514999,0.0019533797145149996,0.0252340556363,0.00537334354627,0.007798697831175,0.009041671962315,0.0045564524516225,-2.8976853069325023e-4,0.004382318926114,gaze_duration,onestop
116,-0.36709710025,-0.39838399,-0.005983705107097,0.00633734509273375,-0.00763106579462,-0.00874862644371425,-0.006362535215325,-0.009290573869012499,-0.005372143310965,-0.0043517057833425,-0.009262678071965,-0.0033958104297075,-0.002812807043605675,-0.0054026425264475,gaze_duration,onestop
117,-0.00816552695335,0.0187446433504775,0.001167536369335,0.001439790577073,3.4299558640000014e-4,-0.00256154017493825,-5.7058908544225233e-5,-0.0013706045349185002,-0.005288175143564999,0.0042467376595125,-0.002576405718045,-6.701780120195001e-4,0.0013306702303329998,-0.0013292234093015,gaze_duration,onestop
118,0.0499389419365,0.0038356946235575005,0.016310932112215,0.030001286484,7.11818879215e-4,-0.0097524356299875,-0.0066869461217585,-0.0083231208547025,0.001876653688875,-0.00263404256940425,0.00626202156027225,0.00550793590660725,-0.0040227800597942495,8.424824851624999e-4,gaze_duration,onestop
119,0.091260543325,0.07215764265,0.033436726894925,0.03058321424325,-0.0052803817619275,-0.0184168736850125,-0.0012498045867165002,0.006957066302515,0.018867874228975002,0.028800597760675,-0.0020888065273935,-0.0069025443348214996,-0.0057489053001625,-0.01013095178111,gaze_duration,onestop
120,0.112756014075,0.121303724225,-0.0162686377207,-0.009695765005245,0.015145508874865,0.011057197502595,-0.0032806793963075,-1.9345331962500205e-5,0.0083916546064675,-2.61531331325e-4,0.00370786543994725,0.0022856959410875,-7.530385214105001e-4,0.00619023608976,gaze_duration,onestop
121,0.05716530200825,-0.010629001623705,0.0074272790059529996,0.0107848086284825,-0.0090394830404975,-0.001017284108885,-0.005219688522549,-0.01355628597155,9.249772714625e-4,0.0018174022942525,-5.919725659599999e-4,-0.0039375861829405,-0.002312049851533425,-0.00156550935034,gaze_duration,onestop
122,-0.1810839185,-0.159336367925,0.0060949867341675,0.0030422570220649996,7.4270040520625e-4,0.001048567140935,-0.004861896984495,-0.010701507780175,-0.00969844572875,0.003038412268609999,-0.00844638761806,-0.0041532851399725,0.0023234164435600004,-0.004883662962167575,gaze_duration,onestop
123,-0.028095504077085,-0.073091624545,-0.01040327780873,-0.015164418294385,0.00216762465055,0.0021114793843375,-0.0039820139275725,-0.008603088343335,0.0012771941134575003,-0.01180432864801275,-8.382616753175002e-4,7.094650095280001e-4,-1.725059733355e-4,0.0012786374139399997,gaze_duration,onestop
124,-0.23414825875,-0.2603793815,-0.011391866533309,-0.0126208453323025,-0.0015355895653699993,-0.0014542745131324994,-0.0036663380891975,0.0037469143680974996,4.960960882550002e-4,-0.0015512531439850004,-0.005695785358325,-8.096097212752498e-4,-2.1346422417525e-4,-0.0030890901847324998,gaze_duration,onestop
125,0.12191362277500001,0.0764673291525,-2.5423848899750015e-4,-5.271065356649997e-4,5.588837575225002e-4,-0.0010001428293749998,-8.98528155615e-4,-0.009652232396895,-0.0012980986001262503,0.0019632114327625,0.00605928756705,-6.452255313524999e-4,-3.722176868442499e-4,-0.0028969637843755,gaze_duration,onestop
126,0.175309329,0.199009281,0.01346701621491925,0.01632499285072,6.926823245850002e-4,-0.014630598615,9.875231765822498e-4,0.0125355012709175,0.010169868364392499,0.0195118424995,-0.0013996763006775001,-0.00459716832147475,-0.005028513418749749,-0.0018105559694424997,gaze_duration,onestop
127,0.036429965625575,-0.0036230485799875014,0.00999518333580625,0.0037872038506545,5.79762031565e-4,9.255915944575001e-4,-0.00350267376036,-0.006028974106825,0.00636150699454,0.0021763013898675,-7.936349148475e-4,6.297970504849991e-5,-0.00227109795615075,-0.0018645903746425,gaze_duration,onestop
128,0.05611138144155,0.0338485390929,-0.0053284159056875,-0.0092797801430975,-0.006855427141139875,-0.0051649304380225,0.00296379145980075,0.013429468293825,0.004408199660464,0.0058272625287475,-7.597931624695e-4,-8.644697288849999e-4,-0.00157848074436225,-0.0022681570040694998,gaze_duration,onestop
129,-0.068991853883175,-0.112422499575,-0.016159330016475,-0.0170970665771225,0.0046353401408675,0.0041417832318275,-0.0059890622680375,-0.0073240536129285,0.003402179449783,-0.0039756169562325,-0.0011730239787450004,2.2098386757349997e-4,-0.00127188120033425,0.0010842645943684999,gaze_duration,onestop
130,0.26282846425,0.32415160625,0.0172269196762,0.008043811401035,0.0017359736870252499,-0.0071817564960325,0.0080722671993075,0.03011670038295,0.013823378539350001,0.02781829472525,0.00187691014354675,-4.994752094550005e-4,-0.0028481874360375002,-7.951384443574998e-4,gaze_duration,onestop
131,-0.09524429625,-0.0725519991625,0.0140597088889675,0.0242756553235,-0.005404253221975,-0.0132629315434,-0.0031830792680784996,0.00591817299095,-0.018011327685125,-0.0108169403871975,0.0100111478933775,0.00157398613004,-1.3443400036524988e-4,-0.0031109012893049998,gaze_duration,onestop
132,0.03532638107445,0.0407109277317875,0.0165132140111875,0.0109394389818375,-0.01044298164125,-0.0089000461199025,0.0024830447556,0.007681678210675,0.00249124366237775,0.01033567034225,-0.00864055389112575,-0.0042156697507075,6.0612054420775e-4,-0.0013638593124927502,gaze_duration,onestop
133,-0.2578205755,-0.261915768,0.0058305645936775,0.024961706685375,7.803690692749997e-4,-0.004991065641895,-0.0055202553551999,-0.0026431114635425,-0.00767708511035,-0.0134930476669125,-0.0024560443976181746,-0.001293521848453375,-6.145589958899501e-4,-0.0010073780387317125,gaze_duration,onestop
134,-0.0629488834736,-0.11784084265,-0.012320623142715,-0.00810346734175375,-0.0151296302765325,-0.0099130359344025,0.005908398157425001,0.0103503818114325,0.003818514016307,-0.014288463211945,0.00904870661091,0.0047264329628815,-0.005531428778925,-0.0013005755517710002,gaze_duration,onestop
135,-0.148914474875,-0.1662700781,-0.02661248796805,-0.026027136750875,-0.0011215987504874997,0.006770697072755,0.001418366122605,-0.0038293939968324997,0.0037831112404700003,-0.00790086753192,-0.0036485133411475,-9.817280545600003e-5,-0.0010734468818057751,0.00124935980462375,gaze_duration,onestop
136,-0.248624639,-0.225646067,-0.0125401466721575,-0.010889216637425,-0.0067942070418945,-0.009363841459,3.105706044649995e-4,0.007523973676299999,-0.012222720511965,-0.016469159646865,-0.0032762704721,0.0037192887431382496,0.00153743152571725,0.002057676372205,gaze_duration,onestop
137,0.050005736220750004,0.07962245505,-0.0019583256530725,0.010208786585475001,0.0244563132186,0.0086624655255825,-0.0060997860391475,-0.00730007045573525,0.02102863529466475,0.02505667600465,0.0032635953335899996,-0.00522809344817,5.076135867500117e-6,-0.0027090214855250002,gaze_duration,onestop
138,0.25516441825,0.2512166105,0.0013933282337375006,-0.007971420603445,0.0059982924075175,0.011547463891385,0.0010304316922720002,-0.00194248168616825,0.0031713487048619995,0.008505933073935,0.003875883434489,2.372967964302498e-4,9.9140863814375e-4,4.7108552523250017e-4,gaze_duration,onestop
139,0.093643370225,0.07388647683999999,0.00626492093758,0.009147316262635,0.0072864662883175,-0.00410318019846,-0.00505058994813,-9.970639604224998e-4,4.540226552025003e-4,0.0012840366046049996,0.00439931823512,0.0012186933228700001,-0.003292674085948275,3.6688648822625003e-4,gaze_duration,onestop
140,0.16592839945,0.1594845655,0.020585850182375,0.015735438990925,5.347855344832501e-4,-0.008673991361743,-7.600718881267502e-4,0.0076774547314575,0.0010902295559274998,0.012466830110825,-0.0016947830367824996,-0.00327671144252075,-0.002333751999505,-0.0011186521524725003,gaze_duration,onestop
141,-0.04974954493575,-0.10382825532500001,0.02677732322185,0.02906133415145,-0.0210163917196,-0.020451502976475,0.0012217815747835,-0.00886086335201,-0.011411824096055,-0.005226486049088,-0.00252432982811425,-0.0027336744441587998,-0.002270868824595,-0.00565591782387,gaze_duration,onestop
142,0.01722595203899575,0.02126592461044,0.007125008607105,0.012373720556904999,-0.004740259746445,0.0021991582855787496,0.001101263381965,0.0046855328294975,-0.0068770058600575,-0.0038790766581757504,0.0033991459596299997,-0.0011121794945392499,-0.0022554530595375,2.318252702455001e-4,gaze_duration,onestop
143,0.0449485348488,0.079621509725,-0.0042083712994149996,0.0039342463651795,0.0094001065206625,0.0016342381019450005,0.0019665416258197502,0.005715836822175,0.00333028129822,-0.002539523996537425,0.0011844503426124999,0.00471509467263975,4.675129852890001e-4,0.00531209133904975,gaze_duration,onestop
144,-0.05797381558225,-0.012023580642125,-0.03042229060505,-0.03028664782125,0.009846931248775,0.0151658494163175,3.3653148600400006e-4,0.0056108996152842506,-0.00280798605652,-0.00769081314117475,-0.0084106301567725,-0.0011035347207175,0.0026215584875224998,0.00822045037975,gaze_duration,onestop
145,0.105854090075,0.01496284199952,-6.210180103924999e-4,-0.0016814784372439998,-0.0028479427183475,-0.003085936355947499,-0.0049698769859952505,-0.0139594104954775,0.0038376780033930005,-0.004158304137510001,0.006724082750967499,0.00235928898819525,-0.0028715041450337498,-0.0023649927900400002,gaze_duration,onestop
146,0.138220279175,0.16689357675,0.031225208958275002,0.057607950675,-0.00261758491924,-0.015374035363547499,3.5755468995249986e-4,-4.142283658107505e-4,0.00760521310686925,0.00943153941865,0.00420403067792,0.004140532383336,-6.792263487600002e-4,0.00288875378178,gaze_duration,onestop
147,-0.07146659593625,-0.0635113995585,-0.0148202283239,-0.0084877092107825,0.00940649508288,0.0010614789505275003,-0.0025382087049375,-0.00456848155217,-0.0012153343960799997,-0.0049289888610825,-0.0055169586950675,-0.0023795051883217498,2.9205762739424997e-4,0.004898719255327501,gaze_duration,onestop
148,0.069246816143925,0.09768385425,0.0041047177369,0.013929298939149999,0.0038940499507325,-7.326712142515e-4,5.256674717575002e-4,0.0058256277963625,-0.0032713586722725,-0.0097458731226475,0.0081368903264475,0.0085859007481125,0.0012170429576265,0.001448998322454,gaze_duration,onestop
149,0.0635835186485,-0.015788875382413,-0.006721482447252501,-0.0019742061578452504,-0.011933571580925,-0.0167170662039,-0.0016909657004725,-0.00889480058397,0.0041838460128925,7.249009685250003e-4,-0.00378103963242,2.851607942499991e-5,-0.0033838343391509994,-0.003296802279775,gaze_duration,onestop
150,0.127833496,0.123403764875,-0.018769859016975,-0.015332361144015,0.00716501086626925,0.006659165843482501,0.00470155294657775,0.013459635290925,-0.0016036718046275001,-0.0156725327035975,0.00436743156662725,0.00202376173984125,0.002702532603513,0.0049604368524825,gaze_duration,onestop
151,-0.074709559800425,-0.0824184579975,-0.01808561731665,-0.007611031616153749,-0.0013860814901725,0.00275366288503,-5.033215419905002e-4,-0.0039061367935049997,9.329391715299999e-4,-0.01118958005946125,-0.0020741742097457497,-6.314820807207501e-4,-6.741112351450001e-4,0.005012848099375001,gaze_duration,onestop
152,0.31871310775,0.28014366275,-0.0030319867062724997,-0.00679443804496725,-0.0049487794120925,-0.0036455384288925003,0.0032107195771199997,-0.0093724163838875,4.8056709769749977e-4,-0.0034126452966925,0.0061672932493425,0.0040897310947975,-0.0017477177938365,0.002902819445605,gaze_duration,onestop
153,-0.334385252,-0.32534153725,-0.02995871256030625,-0.020598335355575,0.00357397338121,6.306526461174998e-4,-0.00402593699908,-0.00426108795495275,0.00286107896547,-0.006384343298965,-0.00886414665909,-0.002781322489275,2.2676445228899986e-4,4.4755784004750005e-4,gaze_duration,onestop
154,-0.127882384175,-0.073848232056,-9.054760632499935e-5,0.006347963233865,0.0061736921367949995,0.0114384261232725,5.642812488252499e-4,-0.0018830973020524996,-0.013334415214932,-0.0067889996337809995,-0.002761644977085,6.840516360000029e-6,0.00416168695253575,0.0030742805397122497,gaze_duration,onestop
155,-0.11104953805,-0.08216749501250001,-0.018084498215025,-0.0202532944345025,0.0079711709580325,0.0127762958891575,0.0012941389422075,-4.302505590499998e-4,-0.00227203876046,-0.0053923366641975,-0.0027108677542600004,0.0015341873275900003,0.003198063498495,8.617144627199999e-4,gaze_duration,onestop
156,0.35819402875,0.3335002765,0.015358858050125,0.01746951892664,0.017642366784275,0.011661961276825,-0.0029848269578925,1.4962072217250023e-4,0.01608941607797475,0.012229412600241275,0.0117011269413415,0.0016298338007125,-0.002501902137035,0.00381163066105,gaze_duration,onestop
157,0.01751070219365,0.03003919249471,0.027285095975475,0.036704374334675,-0.00704113030266,-0.01658857804578,-2.3108642426749953e-5,0.006264237415595,-0.01591417784144,-0.00958962228653,0.0055191099366245,9.772222459199999e-4,-2.7844374023800004e-4,2.4394394516250002e-4,gaze_duration,onestop
158,-0.013872998664149998,-0.06031799742075,-0.014894426520925,-0.0144453738963375,-0.00162014262803875,3.9902365841749975e-4,-0.0041712952183122496,-0.0060664194076695,-0.006882646542287501,-0.01772115843703225,-0.0024538065787275,0.0017551302252375002,-7.970636065731749e-4,0.002604881185983,gaze_duration,onestop
159,-0.02557482126475,-0.002291690325937499,-0.00195338125092725,0.0014160528430124998,0.0106930995843975,0.00811329682736825,0.0019609721324225,0.00625670988198125,0.009803681720435,0.0105712825262275,-0.0017862770194574998,-0.00200298106443,0.0019417966176125,-0.0012625506242525003,gaze_duration,onestop
160,0.081768918775,0.0064241158870875035,0.004303848874565,-0.0061098016734749995,-0.00378780014901125,-0.00374991191082725,-0.004610103583144,-0.0068532969084300005,0.009398341080855,0.009900066503655,4.6567040177824994e-4,-0.0012337691045075,-0.005006886696981,-0.00669895511268675,gaze_duration,onestop
161,-0.085694958825,-0.16619984399999999,0.0248571404645825,0.02738883119535,-0.01041871983636425,-0.0161277177183625,-0.004571409108601,-0.0069695890236325,0.00394711055716225,0.0070282279469025,0.0056691292826157496,-0.0030730351928714996,-0.00634299535536125,-0.011547676163685,gaze_duration,onestop
162,-0.0056470728374207494,0.0583427431795,0.01134126731111,0.012405328690140001,0.0132152480069375,0.006207035064024999,0.00127037445276,0.01162428313937,0.0074195656647675,0.0191275045423,-4.4762537130499977e-4,-0.00688062284241825,2.3780997590675012e-4,-7.726523460175e-4,gaze_duration,onestop
163,0.1510152364,0.1552048719,9.033078840425001e-4,0.0084867268194,-0.003830962507339,-0.0129824918642,-0.0010023556315225002,-5.851798725225002e-4,-0.0061993009750499995,-0.0183371601945,0.0062634149588725,0.00729635496308675,8.892116537550035e-5,0.0047995017473625,gaze_duration,onestop
164,-0.0383052278011,0.015599347356532501,-0.016063942841105,-0.0205469054630875,0.016729114690025,0.01364243175260875,0.0014638739857862498,0.013675903938240001,0.00982977723575,0.01008260748182925,-0.005769289081692,-0.00343642704453735,6.114536082447501e-4,0.00320753678950025,gaze_duration,onestop
165,0.025569526688675,2.698394776000011e-4,0.0208029105792325,0.02601486837815,9.869347333499997e-4,-0.00753679355378,-0.00422345095727025,-0.004872435134725,0.0029981437510975,0.005423397911282501,0.0057354758355775,0.001458783879505,0.0012477348449624998,-0.0041638966493375,gaze_duration,onestop
166,0.01578357461567,0.0646826132075,0.02736239355825,0.024231365139925,0.00632856367624,1.0110531873500008e-4,-0.0020845031240975,-0.0067918640976015,-0.0135547645440125,0.0016685004253697501,-0.00315004420528125,-0.0024175382462825,0.0035344675304595,-0.003527146234015,gaze_duration,onestop
167,-0.0022637055544999997,0.0618295082109,-0.012848650208175,-0.0071477013535425,0.0038515621649597505,0.0057115202023949995,0.0042788371509875,0.0134520746267675,0.0027614914860282502,0.012722486669105,8.353107247999996e-5,-0.00346893416326325,5.484633433899999e-4,0.0023756635160975,gaze_duration,onestop
168,-0.2079916245,-0.17010104775,0.005617712505525,0.01418121690105,0.002224941709545,-2.2637114780000195e-5,-0.00481417877724375,0.006089694276875,-0.0047052209638175,0.00656376033077,-0.003702167085315,-0.0026374748418075003,-0.0012090507917847499,-0.0044940413925550005,gaze_duration,onestop
169,0.07103807837500001,0.03511243802675,0.0315133577649225,0.0492202663825,4.49456701542e-4,-0.020592615932725,-0.00549635485201425,0.0030446651486725003,0.019308457033875,0.0162887657880675,0.0052367980577475,0.0018258696406425001,-0.0036009398151371245,-0.0012128047912375,gaze_duration,onestop
170,-0.031866568682155,-0.078050535405,-0.017065704277604,-0.01846637910385,0.004603704850435,0.0067714035535447505,-0.00336385794358675,-0.0033964210019025,0.006896440109205,-0.0021331995274282496,0.00596472258751875,0.0017161750594837503,-0.0034034417800297497,-0.0027064020117966497,gaze_duration,onestop
171,0.121088120475,0.111469540175,-0.01691733498345,-0.0209830152021,0.00258742787808,-0.00185865954646,0.0018037151362520001,7.993234626000001e-4,0.0061916227300525,-9.080499906750004e-5,0.0012874864431667498,2.56234128206e-4,7.8488860391575e-4,0.00219379415202175,gaze_duration,onestop
172,-0.149992166775,-0.153046138275,-0.026423380531125,-0.0196339700866,-0.009409829728474999,-0.010212655168035,-2.26147269095e-4,-0.0056844587044425,-0.0026557683527374996,-0.017619514190975,-0.0084937963114525,9.1773970106825e-4,0.002503897420951,0.0040158354093025,gaze_duration,onestop
173,-0.01423133320645,-0.043792656973075,0.0125957906096425,0.0042922598834625,-0.0066957896023725,-7.356329123500001e-4,-0.00186516924803425,-0.00678422985277,0.0010851518748724999,0.004429345120725,-0.0033380215923575,-0.0032791220280775,3.090093318105e-4,-0.0030486110496425,gaze_duration,onestop
174,0.050225012494,0.0723503417475,0.005568245470145,0.011442309719735,-0.0043957989472375,-0.008081003382765,0.0039416308478332504,0.0148271234850225,0.0028668940596475,0.0031225294905619996,-7.269696625750001e-5,4.434855467677499e-4,-7.344294257990001e-4,0.0016752934505050003,gaze_duration,onestop
175,-0.22243042275,-0.14156627289999998,0.0038091412757850006,0.010148640240464999,0.00189835813795375,-0.004921576232035,-0.0041427384023525,0.006622981170975,-0.0106204749580675,-0.009481733931695,-0.0048285311513125,0.00509397331340175,0.0025833306360575,-0.0029035803681050003,gaze_duration,onestop
176,0.060224446740299996,0.07280922519250001,-0.009796634139277975,-5.489711918750001e-4,0.0027605761519850004,1.2918860641000053e-4,0.00429787352103,0.0189518928077,0.009444262525335,0.00172953127559,-5.2566963179e-4,-0.001059941303358,-4.680360505149999e-4,0.007568989006354,gaze_duration,onestop
177,-0.06400279444,-0.0518033152275,1.6974724407999993e-4,0.0049243969804425,0.0022712498217125,-0.00513926026284575,-0.0013771148513375,-0.006624328703922501,-0.00725786183955,-5.067881495199999e-4,-0.0021813526443895,-9.201598418352501e-4,0.0016068308377766999,-0.0027415864769515,gaze_duration,onestop
178,0.084034126015,0.08939766860000001,-0.018790863859849998,-0.019034743437905,-0.005764354330395,0.003930922202225,0.01402861064395,0.024610825084125,0.017117166366025,0.00969120840583,0.0073638831693159995,4.8555764273674974e-4,-0.0015112302374938502,3.2890353420999977e-4,gaze_duration,onestop
179,-0.12820412915,-0.105396292125,-0.01988464147013,-0.013969220684805,0.014523433896807499,0.0106419680293875,-0.0029075315030250002,-0.0025746159975725,-4.3884613182249975e-4,-0.00394107505559725,0.0022512439904425,-1.225117705975003e-4,0.0011567876897975,0.0020201828715125,gaze_duration,onestop
180,-0.24253509525,-0.28284956425,-0.0175121541648925,-0.0224441593411325,0.00377294619391,0.0076978854135975,-0.007313012883515,-0.013227443385025,0.0059503780512225,-0.00440993188263,-0.006812870128711,-0.00329441012336875,-5.053908444200021e-5,-9.4095252060355e-4,gaze_duration,onestop
1,0.160239613875,0.160622076775,0.00566935948258425,-0.006136484208,-0.0011926806586699996,-0.071205017889475,-0.0032810638362902505,-0.003955161926275,-0.023569594128807502,-0.011564657743575,0.016568848321685,0.027343000992675,0.0021796700766169995,0.0010637192845555001,gaze_duration,potec
2,-0.15021511935,-0.109657843375,-0.0386659069589,-0.051782397170775,0.07923682422275,-0.00693475301888,-0.0015445425963599999,-0.011532115418165,0.01584571380150275,0.0321640724769075,-0.01232532249188275,-0.02298299345415,0.0023781539895634998,-0.0043127846582325,gaze_duration,potec
3,0.182308973775,0.17442108,0.02308062972025,0.015846236892805,8.831773994949998e-4,-0.024552739261675,-6.050409086359998e-4,-0.008549803763994999,-0.0186439513157825,-0.0142703635488125,0.0110288836153725,0.02468438284632,0.004196061313829999,0.00170108870776075,gaze_duration,potec
4,-0.28695692625,-0.2272063305,0.015143341817575,0.014890334445025,0.036062353655575,-0.01727751979757325,-0.010771464624987499,0.025849572111025,0.00142091761646,0.0192539680627,-0.0024829626668075,0.0064921910025975,-0.005789663550261326,-0.004708719408764,gaze_duration,potec
5,-0.28189418425,-0.27580759125,-0.044906062954,-0.04810725863445,0.004242194657750001,-0.011138682093375,-0.0104733995515308,0.0105331456192325,-0.014364756601551,-0.0115865483827825,0.014199114959875,0.01502727702644825,0.001991227812545,-0.0010378176889902506,gaze_duration,potec
6,0.19703062225,0.21633441225,0.0182536538682375,-0.004874390915275,-0.010766925125799999,-0.07768669174775,-0.0036938238815031497,-0.00717057537128,-0.02517598928225,-0.0274095084668,0.013116959000685,0.03553729644746,0.003478985842802025,0.0027084443071044998,gaze_duration,potec
7,-0.024742576218699998,0.010646083644899999,0.0256472319818475,0.018942622128975,0.0102426454070325,-0.033228667913975,-0.0033051562120865,0.0219064201205425,-0.004106816820075,0.0161810548064525,-0.00851872308095,0.00207774261353,0.002230456835857,6.545571435027502e-4,gaze_duration,potec
8,0.0452151498327,0.05063145827825,0.016136278276649,0.012254252765174998,0.0380667350591,-0.03876235852985,-0.008189142154716,-0.012366844689184999,-0.0029380407571175,-0.008376727424165,-0.0099153979351475,0.014897876602605,-0.0072388005379905,5.056595265655001e-4,gaze_duration,potec
9,0.005979304431635,0.056526577099000004,-0.018327480081225,-0.0051293321855899994,0.0338471285027,0.0159266437822425,0.0018153498334069998,-0.012197798258925,-0.00446672434259325,0.0028745871127087504,-0.008417058609050001,-0.0041323818684400005,0.002920168167483,0.001281821622949,gaze_duration,potec
10,-0.023394123846774997,-0.01715684614317,-0.0320053416546,-0.035543828006025,0.0297253404090153,0.0024238819811159985,-0.0063923522699925,-0.0084429124367425,0.01347867203382,0.0106755174421775,-0.010267876190262499,-0.01181102954027,-8.329018905175001e-4,-0.00185467881548125,gaze_duration,potec
11,0.1100560919,0.09573121232500001,0.004305053974175,-0.016091258570225,0.047127555821025,-0.0247875545368425,-0.003929082810644,-1.1160334870249992e-4,-0.013368502782245,8.243656261875004e-4,0.00753416837947675,0.02730264319265,0.00101391172197125,0.00253187336317025,gaze_duration,potec
12,0.2246737135,0.21180244075,-0.0415324945482,-0.06402236094575,0.0822127669175,-0.0033390932435375,-0.00736931346090475,-0.0137671511632575,-8.290416812000047e-5,0.0154749768200725,-0.0150748950434225,-6.554949316750001e-4,-0.0013021779819249997,9.204808338985e-4,gaze_duration,potec
13,0.18517221705,0.193003612,0.03710797163225,0.020401805869275,0.061716805906,0.01145385358561,0.002986958010492675,-0.006515747013840001,0.0020140468501365,0.038801045269175,-0.0090108856750975,-0.009989761355725,0.0019406377658924999,-3.249210258775001e-4,gaze_duration,potec
14,0.0772142129245,0.033007286344195,-0.012828344337325,-0.016375920714275,0.015140906278802501,-0.010351246595424999,-0.0036620023545669996,-0.010213561341825,-0.0013141030280292496,-0.0058762586647275,0.0051090870590325,0.0103893927599775,-0.0030398544341275003,2.3718006598324985e-4,gaze_duration,potec
15,-0.08775155371,-0.034887264460875,0.0025565408812899997,-0.016274097620727502,0.0398973815340875,-0.08440724196,-0.00862054643137225,0.0181988067093,-0.02932520440155,-0.00435101829915,0.016578988544375,0.03773966492195,0.0077540838042072496,-0.00228078002614925,gaze_duration,potec
16,0.22043796925,0.1937480845,-0.0099729638541,-0.0230716762205425,0.027840723646035,-0.042063085024395,-0.0025609685501557003,-0.006791410816117499,-0.0066482410552624995,0.017459957564275,-1.3379707098000064e-4,0.0094762018093625,0.0033092541599542497,0.001533430138622325,gaze_duration,potec
17,0.06216415885315,0.038857408585405,0.017773793219285,-0.01266408919565,0.0032585248943774996,-0.047683699979175,0.00106332050519675,-0.0042536023330625,-0.0187936955072,-0.00871130753568,0.020497187120975,0.026290132747025,0.0044280769258336124,0.00159533614575045,gaze_duration,potec
18,0.014485943297907498,0.0131345147157925,0.0011635986524000004,0.0015895542911125,0.0109868976182,-0.037291361580775,-0.0092965707092739,-2.9182660835500024e-4,-0.0093710752996825,5.6438148999999646e-5,-3.280708174700001e-4,0.019734709258882502,-0.00231980947286875,0.0023370048334666175,gaze_duration,potec
19,-0.03550089386413,-0.004452973172865002,-0.026585383267375,-0.0367753665888,0.03890663331995,-0.005751880976325,-9.424951084650182e-6,-0.0093273078303925,0.02419077680835,0.013634885320475,-0.0254328066940875,-0.041490664048675,-0.003446831161431,-0.0032369420278491,gaze_duration,potec
20,-0.098694599725,-0.0638516921255,-0.004356543647795,-0.004057326483292501,0.0178676850441525,-0.043757875255975,0.0013971997655833005,0.0089270516631175,-7.894880559875249e-4,0.004359187893925,0.002372268141535,-0.0010464978936205003,-3.739556609009998e-4,-0.00291759373111075,gaze_duration,potec
21,-0.0108093437565,-3.835899359900001e-4,0.0205471400364525,0.00451236711974,0.0011732966592812508,-0.0340420884664825,0.00400726168843975,0.0074727245051675,0.022136118117877,0.0168523674936225,-0.016329404017625,-0.015110156204845,-0.005016172647775751,-0.001844454561116,gaze_duration,potec
22,0.06613545398275,0.025860112605935,-0.011216503789185,-0.02803252335966,0.0109302860273475,-0.008160067819375,-0.0026980899224065,-0.0045779610100875005,0.005145522483915,0.00463503164185,-0.003601033834115,-0.0015572190918325,-0.00337138319532875,2.9812596589294006e-4,gaze_duration,potec
23,-0.058449922233,-0.035538500652399996,-0.00571095070666,-0.014701379598364999,-0.014234622422,-0.064298884256075,-0.0040081618058029995,0.01064811352205,-0.01268088128052,-0.014558901195925001,0.0033522167167782503,0.012631429475574999,-1.0941697567200011e-4,1.6787001100974995e-4,gaze_duration,potec
24,0.006192841064852501,0.033031208072242246,0.0309808514103,0.016926266011175,-0.0124065624324,-0.0637366516005,-0.004139271563323225,-0.0019931896714225003,-0.0131074760804325,-0.0119709993455375,0.0086870835139525,0.0082948244205775,0.0021534970455464,6.532359388230249e-4,gaze_duration,potec
25,0.0084195024231725,0.009696751457027501,0.023079004704425,0.0154652215830225,0.0227090250018,-0.03427281200654,4.4045153496249993e-4,0.014630154129525,-0.009681469900896,7.970663800700001e-4,0.0071666891260600005,0.0073906940870825,0.0016115399276634998,0.001196171213180725,gaze_duration,potec
26,0.057899165554249996,0.048578404962,-0.04884096513175,-0.0569794932855,0.036904455021075,-1.8451634497749914e-4,8.752739882500013e-5,-0.0207554051133675,0.0045251393017725,0.00945804417009,-0.0082932702680685,-0.0050286483227625,-6.998029410974996e-5,-0.00179611815432525,gaze_duration,potec
27,-0.058222321325525,-0.10578093585,0.022513566899625,0.034664077391425,-0.02556416374005,-0.00325426178254,-0.0063701793644575,0.01418254172085,-0.016655845742915,-0.016801741246925,0.009889666563235,0.0254923754775625,-0.00165845460538725,0.001573275738416,gaze_duration,potec
28,-0.1854419755,-0.176384092725,-0.0354426750539,-0.056098329093825,0.0256102309908,-0.0076174595902375,-0.007010009429437,0.0104275375531375,-0.0181899255557225,-0.0119459474754825,0.0265470566076,0.0236330336009325,0.002307086747538475,-4.323316256814998e-4,gaze_duration,potec
29,0.0719119230659,0.08793843685,-0.0144368186775475,-0.0146380475246425,0.006228788227735,-0.035414960488330496,0.00346518449427975,-0.004421813008115,0.0167773814555125,0.018738506150875,-0.0046241200743374995,-0.01731480152965,-7.084550805125599e-4,-0.002226970203094,gaze_duration,potec
30,0.25320657525,0.253491422,0.024076651577975,0.0422532677898475,0.01142964171894,0.005546054881785,0.0049718364642845,-0.010288867592465,-0.0105140372415675,0.0018874569444500002,-0.004246609822165225,0.007322251503555249,-3.984065755579999e-4,0.002238306331459175,gaze_duration,potec
31,0.23105162525,0.1838748985,-0.024198717899875,-0.0310699943153675,0.004247443848555001,0.016806373564825,0.0014932371816327506,-0.028585777916225002,-0.0137479228688425,-0.028166605239735,0.00235777309947,0.0308311115244575,0.0010495884855412502,0.00384272885426175,gaze_duration,potec
32,0.2359966055,0.18795850925,0.058390077578,0.04437875066925,0.006916581370015,-0.029204255508675,-0.00525072073068875,-0.004173168259187,-0.004278734271592,0.0010288573406475,-0.0070992949337775,0.0168710059541,-0.00678277889774675,0.0023694221536675,gaze_duration,potec
33,0.14697931475,0.19777266975,0.071518747005,0.079931060805,0.010455223334485,-0.031707391786925,0.0071377074192625,0.0018182691958474999,0.012079986974004999,0.022056178551095,-0.024921756849275,-0.028687863690375,-0.00286019586198,-0.0017372547161817501,gaze_duration,potec
34,0.010320855475719998,0.031179517428075,0.02193082489891,0.0219978934404975,-0.004693071721915,-0.030845634671905,0.00407469942150175,-0.0018617320978897504,0.0053494995698225006,0.0149119665782225,-0.0074780039395825,-0.011382976580725,9.773723791652498e-4,-0.00222505569967375,gaze_duration,potec
35,0.017620411409524996,0.014739963207249,0.00985285041408325,0.008119327087275,-0.0012272928239499996,0.00902270981231,-0.00199891017793575,0.00166139715126,-0.006589305930728,0.0010840497055374996,0.0030077059450950004,0.00376906714103875,-1.1918440306774992e-4,-0.0010239754502015,gaze_duration,potec
36,0.013075870212292501,0.040874748260625,0.0413997602365,0.0652365366825,-0.039533644949225,-0.0266632849189825,-3.3636174178849996e-4,0.0084408835126425,0.0053774531994600005,0.011221349461589751,-0.013257427985370001,-0.030708360898775,8.2990489846975e-4,-0.001171041516819,gaze_duration,potec
37,0.04820113976703,0.0323995014768875,-0.02489413369225,-0.023012707183375,0.046761148365,0.041810224124125,0.0025205082516017506,-0.0159392675075775,0.03297042853855,0.0331743629205,-0.028135937390425,-0.0430904201125,-0.0039277930616175,-0.00272331579181785,gaze_duration,potec
38,-0.00407391487315,-0.045955073747,-0.02034354570225,-0.004075470892777501,0.031815008733325004,0.056127941212025,0.005829002061422375,-0.0128620214729975,0.018233212781175,0.0079859737737925,-0.0015064561449124997,-0.012424860665170751,-0.0026378967032999997,-4.6641237980649965e-4,gaze_duration,potec
39,-0.0767610554595,-0.07351962609875,-0.035004518621375,-0.031815462880075,0.03112968567855,0.03441811436853,0.00280535814781025,-0.00430949042145,9.862782492699998e-4,8.881360518125007e-4,0.0017109900819015002,0.0040700531905125004,0.0017112537186267497,3.2766811216575014e-4,gaze_duration,potec
40,-0.21011444775,-0.21151185150000001,-0.017914221416025,-0.020500163120375,-0.023950009497625,-0.0215153175211975,-0.0038193245032252503,0.0218482418167925,-0.015878388133475,-0.024054407035665,0.0287788572107725,0.0259996937768,0.003697690897837,2.6795812714275e-4,gaze_duration,potec
41,0.02767688780386525,0.07746418089,0.04350522296575,0.0527342439545,0.017025627121365,-0.030215370366125,-0.00337755077438,0.011022905597985,-0.009402759645095,-0.0043750123666500005,0.00423460172498,0.022212727146325,-0.00480219053673975,7.3269930590075e-4,gaze_duration,potec
42,0.15745813665,0.173836163775,0.0283618556413,0.045692358136275,-0.010070021282452499,0.01749703489135,0.008455655874254075,-0.0020012389861727505,0.038190681479175,0.0365594190412,-0.028715979639225002,-0.05515812840425,-0.00180736234828225,-2.2037831450499968e-5,gaze_duration,potec
43,0.011488319300269001,0.021448046203562502,0.0189304155509775,0.02477855757465,-0.0375896012133025,-0.024390472827275,-0.001697517354395,0.016534520007525,-0.0415974136085,-0.02511768078632,0.0228386485999825,0.04316411313235,0.0084031164185525,0.0028152029682674998,gaze_duration,potec
44,-0.177427541675,-0.1843569175,-0.03475929295325,-0.04103823773175,0.05391716219745,0.04767254239935,-0.00505310999434935,-0.0044395117190175,0.0031037468285725002,0.0091093061217125,0.004636016829944249,0.00885944940905,6.622523921299998e-4,-4.8216086077700006e-4,gaze_duration,potec
45,0.027160202444775,0.04337526812715,0.05289739775515,0.067358073519625,-0.02471920929052,-0.0292694527325825,-1.2713361745082498e-4,0.00839086527862,-0.0076986465526625,-0.00528874185417,4.4859723837499977e-4,0.011682728701925,-0.0032325669192125,2.329895784597244e-5,gaze_duration,potec
46,0.2361302835,0.258906543,-0.01601296057186,-0.0161560813639345,0.017526797963242073,-0.06898556552775,0.0012121853925781251,-0.003404971790165,0.0170920807751055,0.0215797596183775,-0.0258834410169,-0.0400720001105,0.0012072379125350001,-0.00290708878975425,gaze_duration,potec
47,0.0801142167525,0.0817969931525,-0.0381740840471575,-0.0137720883053,-0.018734117458844998,0.02964136551155,0.005044976396983251,-0.015576975311767499,0.0170966110406525,0.011029957431875,-0.01648460923295,-0.028875759473075,-0.00275460843641825,4.552208157147499e-4,gaze_duration,potec
48,-0.2136524525,-0.19310211625,-0.02933053701285,-0.01963057623005,-0.006707804849288,0.0115872157717,0.001245608639294,-0.0025194453106675,0.0170870119369725,0.0060347832148,-0.00447314009704225,-0.025125852986825,-4.29991677175e-4,-0.0033715146573317497,gaze_duration,potec
49,0.015616053194805002,0.010647350656292503,-0.004220765395287499,-0.012596258983675,0.0213740211833045,0.009634814549367501,0.0024004726767964998,-0.0089369902461445,0.0012708238929950001,-0.0052424153926425,0.009537526202175,0.018358946426625,3.3046330273675e-4,0.0010641409630455,gaze_duration,potec
50,0.0049684725505625,0.041511334528435,0.005368396589475,0.0052869209943675,0.006578131038553826,-0.0117059150803235,0.0029133920484967503,0.0027938355417975,0.017627046309,0.012151489887909999,-0.0217333066682795,-0.0289005767623,-0.00590406984700575,-0.00146452373770755,gaze_duration,potec
51,-0.135125769375,-0.14433354269999998,-0.06766296238375,-0.07075709969125,0.019983514310482498,0.0285369367084975,0.003689583781381,-0.004767128277995,0.01224015085062,0.0047343602623225,-0.004426828255595,-0.00684250466107,0.002383294681,-0.0015295054206732502,gaze_duration,potec
52,0.030964397376700002,0.024804496836774995,0.007959303415875,0.0242336871617,2.6785195364250003e-4,0.0061157730867175,-0.001358886301567,0.0014843907637125003,0.0119952225117475,0.009697747168345,-0.020476935764815,-0.0205512078252,-0.0058013271058525,8.236739908040001e-4,gaze_duration,potec
53,0.0837804471775,0.08079725345,0.05197624694,0.044211167849225,0.02375585214925,-0.009355220402289999,-0.0011503435900175002,-4.927045282999995e-4,0.0109206299694225,0.0121076983605125,-0.03339833064735,-0.021161018216,-0.0049402480637415,-0.00144908293713125,gaze_duration,potec
54,-0.120139865125,-0.121060973725,-0.013469645573342499,-0.0400052310748,0.0455576887625,0.0615546834262,0.009559324615096,-0.014631589674435,0.0298618504728725,0.0207384573073575,-0.015925809935141,-0.028489924235,-0.0021535225061967496,-1.3690917482210013e-4,gaze_duration,potec
55,-0.14203116235,-0.1310090665,0.0064388145285375,0.0011744416293924989,-0.0345176788920325,-0.0290762028859,-0.0042724483626705,0.0119664686572,-0.01922977083605,-0.005459570506445,0.033858988980545,0.008318049133592501,0.00854232887182,3.776613535797499e-4,gaze_duration,potec
56,0.30307191975,0.29816608675,0.03075812430065,0.045698783451225,-0.0073579353172325,-0.039428488137775,-0.0016031379372896404,-0.009554184401625001,-0.013070697417065,-0.0169881693763425,-0.0032162237909897497,0.0210470195017425,-9.788352269525001e-4,0.0036697868172285,gaze_duration,potec
57,-0.045947704276074995,-0.021557595435875,0.0353959930749425,0.0386680589116,-0.03896035189625,-0.004603730475375,0.0048530816350855,0.00781329479862925,-0.008808450897405,-0.007802783972802501,0.007232454917075,-1.9972625752999945e-4,-7.519455864925e-4,3.814335494104499e-4,gaze_duration,potec
58,0.016405782567444,0.033395948399825,-0.0022834716149625,-0.020495945369775,0.01237514191418,-0.014539680246365,0.004734562702076125,-0.0016263794674372502,-5.641476629850001e-4,-0.005000389288735,0.00230409460161,0.0030259352169,5.449884410632501e-4,-0.00104651585697425,gaze_duration,potec
59,-0.086336665,-0.073267790147,0.0127219161529575,3.7722387914999986e-4,-0.0514026343561,-0.023321778821255,0.0041919552241703,-0.0011557935890699998,0.0015427031806600003,-0.00539967251852,0.00113744312002,-0.014106156484499999,0.0016923096238669999,-0.00129517042904275,gaze_duration,potec
60,-0.13180832235,-0.144783512175,-0.05433753133695,-0.04781352385265,0.051152011058,0.0426452054563,-0.008668691856057,-0.0063721038878075,0.0184660427866725,0.016396938981125,-0.0206517176182825,-0.015480180825473,-0.0059098953273255,-0.002136683583361775,gaze_duration,potec
61,-0.109656474175,-0.08632740795,-0.012875567597429,-0.00977729021964075,0.0379426156628425,0.047198972917375,0.0019350005622691246,0.0033230497191575,0.0125824879996025,0.02052658176232,5.887414978499981e-5,-0.00696562505607,-2.694536971422501e-4,-0.0013725157576502498,gaze_duration,potec
62,-0.1747407885,-0.20743744025,-0.031907405363525,-0.014076093390624999,-0.0818961983825,-0.007498499743595001,-0.0030109797208895,0.0202141274041825,-0.0217451925496,-0.03433004877735,0.037926395456250005,0.025199115723375,0.0039197454939875,0.0013044981859105,gaze_duration,potec
63,0.0020781836659500004,-0.011309654106130001,0.0175158964874875,0.015578572413,-0.0408291196096325,-0.013134522234049999,0.0027816179992864996,0.004802755911555,-0.0265590777554,-0.02730095748055,0.037030117482675,0.044768593022225,0.00729588471189425,0.0033871983073842497,gaze_duration,potec
64,-0.09411528852500001,-0.105463463075,-0.005947297375112499,-0.003690010556075,-0.0158114023426625,0.0017188889991674996,0.002256410019132,0.0019627742725875,0.00217865358882,0.00164044699998,-0.015503672611475,-0.0019798691714074997,-0.0042331095068,-0.00100652884839525,gaze_duration,potec
65,0.041241399527375,0.030308411422650002,0.03321094033835,0.053841719017,-0.0474507852931,-0.0101595987688175,-0.00190757119894445,0.0080238215156825,-0.0018475846381020003,-0.00912952590286,-5.223001037665001e-4,0.0101337889987,-0.0026747500953295,6.95071163267875e-4,gaze_duration,potec
66,0.0511269193095,0.02528864074677,0.036712106451775,0.0520284648329375,-0.02225394571705,0.01866354708125,0.00207932039309275,6.461387906050001e-4,0.022187156106425,0.01072216803473375,-0.02034723985857875,-0.036052034921325,-0.0048825188438,-0.001471148856889,gaze_duration,potec
67,-0.069382018471,-0.084564171925,-0.026367727325225,-0.040448043875725,0.028058615518655,0.030970459806455,1.4273805768825023e-4,-0.006901858269015,-0.0104164507649,-0.01626840950217,0.0166675736096925,0.0142944364016175,2.2462118883425007e-4,2.619131533174999e-4,gaze_duration,potec
68,0.018659875406575002,0.01476888660315,0.0385899945833,0.0481169576695,-0.0454480405145,-0.0149183714636225,3.979818720279251e-4,0.01586907397835,-0.0148145257811325,-0.013136861465532501,0.00986716493251475,0.0179083928725,-5.752670763847499e-4,0.00216782492497725,gaze_duration,potec
69,0.007071681781149999,-0.010240463244790003,-0.016799330297485,-0.0182367281671175,0.0665621375305,0.0661092258355,0.0057108952969121,-0.008732703442383749,0.004547190743615,0.0057253546759425,0.004305127027896,0.0078875246132815,-2.1158187872724987e-4,0.0015486866516,gaze_duration,potec
70,0.1530660441,0.117019912275,0.0056187673665,0.016313012139525,-0.0364238249316025,-0.0029623115381200004,-0.0022130535637054,0.00642335604711175,-0.011612757140462499,-0.0086272786917975,0.0024316262133699997,-0.007701434849529999,0.0030284163108525,0.0017118643117688,gaze_duration,potec
71,-0.1844076465,-0.146624913325,0.0206095925750825,-0.003466984966225,-0.0068770998534425,0.0110053405882375,0.00215057779293085,0.004248355595225,-0.008314344699315,3.725176423874998e-4,0.017767326864049998,0.0109552524782025,0.0064520274155075,3.657002605319999e-4,gaze_duration,potec
72,0.0438530660645,0.049521663033,-0.01897153306241,0.0043080554159225,-0.003775807018475,0.0249081099625,0.0032963189711727498,-0.0152421719078725,0.0091256062029375,-0.009357542634905,-0.0131920620766325,-0.010892390421025,-0.00467068082918025,5.988277780415001e-4,gaze_duration,potec
73,0.040343406054182504,-4.4881525674247085e-5,-0.008787164674925,-0.0164649271529,-0.01994023507035,-0.0149707728828,-6.77550666859e-4,7.410358520725003e-4,-0.010188819524449999,-0.00206645166786,9.609895662999999e-4,-0.0021413775403349997,0.0024949507498275,3.5012870317974995e-4,gaze_duration,potec
74,-0.140221348375,-0.11617494240000001,-0.0385235988436,-0.0140858539689225,-6.827345123075005e-4,0.02195909879265,0.00179428613135075,0.0113191654814865,0.0018360980556592495,0.006472093829170251,0.0015271123343299996,-0.00756619745126525,8.334745126499998e-4,-0.0029325462702766486,gaze_duration,potec
75,0.045408562452099996,0.0802907289625,0.0275806559195,0.04471561575155,0.0088150132875975,0.003003950601625,0.00298688746213875,0.0102053216704525,-0.00109371888777525,0.0026885300466449997,-0.0070194839058375,0.0030911831893249996,0.001632832962575,0.0010147227079997502,gaze_duration,potec
