subj_id,r_int,r_len,r_freq,r_surp,r_prev_len_c1,r_prev_freq_c1,r_prev_surp_c1,r_prev_len_c2,r_prev_freq_c2,r_prev_surp_c2,measure,mode,subj,FPReg_c1,skip_c1,FPReg_c2,skip_c2,FPReg_all,skip_all
1,0.026138672781515514,-0.009376031550860477,0.012835142286984923,0.0017141279350080334,0.0030848978689947387,0.010591203180613403,3.085769799145155e-4,-0.002418803412048891,2.5862163987175763e-4,-0.0028216263343585402,gaze_duration,geconl,spp01,0.1556627474625666,0.12802733393628782,0.16614659994112452,0.13241095083897556,0.16049014557974353,0.1300458155989915
2,0.03841496556777866,0.008544540779160234,0.00548863388791583,-0.0022877541640275575,-0.010891458043320932,0.008731663235002017,0.0019365639860645977,-0.02081946358071623,-9.198093800636468e-4,0.002206626982707804,gaze_duration,geconl,spp02,0.16233209488425265,0.20062875107173478,0.1656961953756572,0.23607891910226694,0.16402341973624374,0.21845156889495226
3,0.08799224073341527,-0.0013783984917130157,0.009671206961336963,3.212975557685958e-4,0.009443483690754735,-0.0018382683339145168,-5.050746055098736e-4,0.0033189165517564087,-0.014374717041623939,-0.0026886453101994507,gaze_duration,geconl,spp03,0.22928909952606635,0.23606635071090049,0.22798113094882666,0.22015883441810474,0.22871033371205116,0.22902739979390704
4,-0.10456595016093438,-0.003393560354528211,0.013251633499651442,0.0012992384613649312,0.004811178651328098,0.009948761073413399,2.854279366114905e-5,0.009812565374417142,-0.003996413592398731,-0.002009965935848049,gaze_duration,geconl,spp04,0.2195109526235354,0.20692817116658177,0.21247739602169982,0.19007434197307616,0.21596944711416866,0.19844200515959332
5,-0.2029713331363412,-0.00204130669101101,-0.01331711137447337,0.0015996086587639334,-0.0028088072693037993,2.3330863458844226e-4,0.0024673385285715593,-0.005368692017019049,0.001635534023962863,2.862274748455386e-4,gaze_duration,geconl,spp05,0.13949780789159028,0.17078517337584695,0.1290135284212971,0.1460256633571387,0.13465612012334094,0.15935111945300978
6,0.15321551513272536,0.030791580015797914,-0.02744317095234338,-6.208757300785102e-4,-0.004670406682534607,0.012282164650321316,0.003356374707708757,-0.00806153526717749,0.019727131934248247,-1.0788540856006234e-4,gaze_duration,geconl,spp06,0.09352287302265926,0.09892047883710987,0.12189109236331763,0.1852744603922428,0.10753124492777147,0.14156251690742844
7,0.06114538916156713,0.002881236676373213,-0.005819874482193935,-0.001240976561576756,-0.005701977001618799,-1.153495916563616e-4,0.0013948311675151238,-0.012035238654274218,-0.008856658359073934,0.00044066510043985876,gaze_duration,geconl,spp07,0.113772811032515,0.15258871782678476,0.13052911534154535,0.15215565509518478,0.121468290958182,0.15238982996367845
8,-0.05189620658671147,-0.007415980648485466,0.009222997616155838,0.004099451366955988,0.015625628881221116,-0.0059474825658682885,-0.002472217021447563,0.03236100613819662,-0.01999966171282973,-0.00333742857125335,gaze_duration,geconl,spp08,0.19509233493549202,0.16620288388565646,0.2502084684517743,0.19202260724543685,0.22386399361563203,0.1796812652656526
9,-0.2341402795983211,0.005293533103327626,0.007446423843330127,-7.934531520131169e-4,0.00999523157156958,7.118878651973353e-4,0.001960546764995024,0.007337503120784678,-0.007594475444583774,-0.0014880615488000008,gaze_duration,geconl,spp09,0.10861087689713322,0.1218381112984823,0.11786977841226491,0.11166283905406243,0.11286231367743038,0.11716590190098897
10,0.013998662703293658,-0.008276648505871655,0.003002267510519001,9.9929195376753e-4,-8.682291468332051e-4,3.2882407524437385e-4,-6.499744609955937e-4,-8.736831394741678e-4,0.007821308380547318,-8.965134904333678e-4,gaze_duration,geconl,spp10,0.13473742938838135,0.16800334751377363,0.14009959156269233,0.2692888714821239,0.13771265366943997,0.22420216068545884
11,-0.09069173566318518,-0.007231116787486636,0.010505556785667199,-0.0036715143922149973,-0.00377907036001957,0.0018532371140664997,0.0019405517931805059,-0.005046601467362279,-0.0074278821439882165,-0.0011741483179223244,gaze_duration,geconl,spp11,0.11051283734979316,0.16494845360824742,0.10239404723390488,0.1729213846651569,0.10687493204798318,0.16852100170333056
12,-0.10172712119380549,0.004039886313832512,0.001376197266858918,0.0012413477117728155,0.0018476914682234026,0.01686667333492544,0.00271611649668684,0.0013587799124843405,0.0033079896400778452,-0.002258461290540145,gaze_duration,geconl,spp12,0.16277586426840157,0.17374665135859166,0.18167738861091257,0.19680724326900167,0.17254974434793321,0.18567116367892564
13,0.004613060885678177,-2.497053851409168e-4,-0.011190916740996792,-0.0011451379744111076,0.0014750604584875023,0.004802107849199924,0.0012014252268210718,-0.0019704866083034302,-1.2453133852065125e-4,-5.788864471137664e-4,gaze_duration,geconl,spp13,0.25952879581151833,0.37518324607329845,0.2872265762077436,0.44391156860451514,0.27261174650533176,0.4076468313166473
14,-0.06734606540041725,0.0027734203261198342,0.003239982291179465,-0.0028544772010612655,-0.0020639124826552155,0.002166927608019677,0.001980619093297912,-0.007913730233581951,-0.0031475232380588623,-6.115460453520532e-4,gaze_duration,geconl,spp14,0.15831842576028624,0.24961666240736008,0.16535479323308272,0.38081531954887216,0.16198433100746726,0.3179703758109928
15,0.06635924091824888,-9.632742069613289e-4,0.01169055030377423,-0.0017606900290679632,0.010839940392156586,-0.0038783780919926622,-6.513600299989309e-4,0.0034266321900554217,-0.0058836319442498435,-0.0013293003293947288,gaze_duration,geconl,spp15,0.15821563295025878,0.21150978155978595,0.1883644583176363,0.18201388515149886,0.17175378815341116,0.19826482031948572
16,-0.06814554441126096,-0.020027312949420374,0.010153492083032392,0.001850863031567529,2.3946518462458796e-4,0.00768139602604667,-8.33025372058934e-4,0.0018443511232948929,0.00484988403285067,-0.0017989584584161406,gaze_duration,geconl,spp16,0.2028083028083028,0.21257631257631257,0.23969873928941768,0.21737706707416907,0.22228625767224736,0.21511108549693111
17,0.24887449280363338,0.01749338058389205,-0.0025799313116828325,0.004725335560077243,-0.0034230730821319887,-0.010638958868084518,-7.172825984606384e-4,-0.017832799519925682,-0.01380115676258242,2.3792595103755613e-4,gaze_duration,geconl,spp17,0.09176182707993474,0.0696574225122349,0.11486797078502477,0.04417998876347107,0.10202045397854827,0.05834599424023221
18,-0.043772033130233576,-0.007132906292101206,0.001682371190749785,-0.0026948935941243373,-9.369512942609317e-4,-0.0027236130324753086,8.574069005928473e-4,-0.008557365172039557,-0.0036794129115102596,9.370171103839636e-4,gaze_duration,geconl,spp18,NA,NA,0.21437307087531302,0.3193174538466018,0.21437307087531302,0.3193174538466018
18,-0.043772033130233576,-0.007132906292101206,0.001682371190749785,-0.0026948935941243373,-9.369512942609317e-4,-0.0027236130324753086,8.574069005928473e-4,-0.008557365172039557,-0.0036794129115102596,9.370171103839636e-4,gaze_duration,geconl,spp19,0.12574729629878417,0.17545509504937193,NA,NA,0.12574729629878417,0.17545509504937193
19,-0.08612897529905188,0.0035426445936829302,-0.010540285054505466,-0.003719110874255673,-0.006004236169732166,-0.00362963024206492,0.0015976840202864162,-0.011312194452409342,-0.0023971792346953193,0.0032186412452082968,gaze_duration,geconl,spp19,NA,NA,0.13257921731188085,0.15063584627274643,0.13257921731188085,0.15063584627274643
1,-0.19486964611482538,0.007320058149083044,0.008328306049352639,-8.689160987037357e-4,0.02287540739955887,0.005597231090296759,-0.001516800890071853,0.007980300087368473,-0.009060524809950357,0.001591069317432576,gaze_duration,gecozh,sCN_01,0.10460781389800179,0.1773039069490009,0.08918451637690904,0.09057727403707617,0.09522696734240813,0.12455453642577555
2,-0.01542566243113094,4.331779784631139e-4,-0.005357073501090167,-0.0013056063754173788,-0.002346555606685814,0.010173802000411923,0.005580628421813394,-0.006184206374436197,-0.006165861705371058,-2.2859014301702442e-4,gaze_duration,gecozh,sCN_02,0.2852988367428801,0.4234857601283594,0.20409727189128435,0.24650045979360377,0.23150341839842956,0.3062343464428349
3,-0.0797002471697856,0.003659700034627717,-0.005021624695383227,-2.44620176377774e-4,0.036363150371382276,0.01559200766810533,0.003025462588887091,0.0019985536569113557,0.00661482729461774,-2.4744371450730567e-4,gaze_duration,gecozh,sCN_03,0.24499874968742186,0.40122530632658165,0.18096565028669417,0.1754461175714056,0.21052024122110974,0.2796549037712439
4,-0.1280491090308741,-0.024004035799358173,0.0041133233382024525,-0.007288459964497795,-0.0019560959459231364,0.0031211429156679997,0.004489381311939959,-0.002790716855393877,-0.008843010412880112,-2.0924885855282126e-5,gaze_duration,gecozh,sCN_04,0.1340007701193685,0.2709536644846618,0.11006580300226197,0.14949619576393172,0.11691076606834783,0.18423081158462723
5,0.11587069483714321,-0.015648194198867097,-0.007108601052651747,1.39975426468376e-4,0.01821317884853256,0.02137072165435322,0.006338246934672678,-0.007136279997574454,0.0018740974297689985,-4.564546892031425e-4,gaze_duration,gecozh,sCN_06,0.23107462485700828,0.44929681717246484,0.22147495361781075,0.23316326530612244,0.22539194420801187,0.321353065539112
6,0.06536204328624028,0.008811823467372294,0.007953887340067436,5.371058637645431e-4,0.0033421748600027507,0.00489104428739722,0.0017852206446476383,0.0031292940683039787,-0.014482323307885469,-0.0011966752469307147,gaze_duration,gecozh,sCN_07,0.12818595799632979,0.18813294365527086,0.10689607834164645,0.0592138379169908,0.11546245145763824,0.11108680194716403
7,0.22489429698808253,0.010028468618223726,-0.0017663544012932449,0.0084710649408760285,0.022483987073297174,0.006120828534764541,0.0015688907735697058,-7.443958299168057e-4,-0.0037024951305245886,0.0021264709204475984,gaze_duration,gecozh,sCN_08,0.15212464589235128,0.15538243626062323,0.14264758355469215,0.06105538595726123,0.1460488524006812,0.09490887832651297
8,-0.12197351201527724,-0.002649730251293924,0.016891435936867382,7.768606152229455e-4,0.0025482473592940537,0.002692337948945668,-0.0016807570479084697,0.004423251705111228,0.007476420450141822,-0.003109029002518382,gaze_duration,gecozh,sCN_09,0.21483735080739527,0.3895779702004837,0.17196062512685203,0.14471280698193628,0.1888584867955852,0.24121499062317459
9,-0.15039542639006082,0.029589997685048938,-0.013700269815703502,0.0022848073788643264,0.023362935261951625,0.01295661184673389,-2.2635716236596199e-4,0.00840027611221861,-0.009800157716643993,-0.00127457184678286,gaze_duration,gecozh,sCN_10,0.2677257633960544,0.3696204179959633,0.20765769260609823,0.09837846225463573,0.23008483846658725,0.19964995016651677
10,0.034863018722951514,-0.019036218646931592,-0.0018907910360029022,0.003247184921238827,0.009261350414758925,0.011583152240900474,1.644667645660558e-4,0.004117852973657775,0.0015418188485275654,-0.004471620400523151,gaze_duration,gecozh,sCN_11,0.2396362098138748,0.31905668358714045,0.14362152998516634,0.10643144734053825,0.17566709021601015,0.17739658336862912
11,0.03017378353557735,0.005807044723921745,-0.01267663203837335,0.0014220163445063114,-0.006800083945651685,0.008530081058947502,0.007391097664388528,-0.0019874663223095786,-0.007215250402581659,0.0011164271648298025,gaze_duration,gecozh,sCN_12,0.22543859649122808,0.3503654970760234,0.1929892640020696,0.12658991937222439,0.2050280693190139,0.20961136875220351
12,-0.2987845037958259,-0.006571761027654886,0.014372652860735897,-0.005319964746557002,0.026878284973845652,0.023567331852585457,0.005397910694399697,0.007723271998641515,-0.01485357570528525,-0.0011702564178212157,gaze_duration,gecozh,sCN_13,0.19054979024067123,0.29152866710826525,0.1434930479143743,0.09547864359307792,0.16253238438402667,0.17480122688425
13,0.16022144060365945,-0.011873559067559894,-0.005334283649939611,-5.883579600101247e-4,-0.006180276594152088,0.003815298033774291,-0.00046701595365566966,-0.0022543946521462067,-7.075644178328251e-4,-9.471730969342836e-4,gaze_duration,gecozh,sCN_14,0.23502680027965508,0.4436028897692845,0.2328717390176858,0.26290130179969917,0.23353551304597495,0.31855866202490757
14,0.07629784551521179,-0.007846092815202594,-0.006699011360549621,4.5738306703648596e-4,0.05406893479129179,0.01587106285069894,-0.003196314555196684,0.0033769271931545727,4.491607563461754e-4,0.001957899668363062,gaze_duration,gecozh,sCN_15,0.08619834124902531,0.11838094562982916,0.0983631480261491,0.08468048446764304,0.0932919621749409,0.09872931442080378
15,-0.3617893483661035,-0.005722931576653162,0.005061999322804729,-0.002803655751409429,0.011220552624454242,0.02420578535186039,0.0034562993357576967,-0.00916703485348244,-0.010963511544707932,-0.004592081234619202,gaze_duration,gecozh,sCN_16,0.25707171314741034,0.34163346613545814,0.20196699916099561,0.13810944346042697,0.21953387946910521,0.20299104591350733
16,-0.1507160048205681,0.018872978720313256,0.009887059409857634,0.005147594831941639,0.05350551184149757,0.022252250339984948,2.5958168005286037e-4,0.019600227746920815,-0.005450872358944918,8.800814804406087e-4,gaze_duration,gecozh,sCN_17,0.11604584527220631,0.10470910676466924,0.09322959919576905,0.04987106079811181,0.10263786505021447,0.07248349729021653
17,-0.12046438975974422,0.0028693968868328664,0.004582959794481516,-0.0019036873592026685,0.003777856344093452,0.00862332409040115,8.510519248860715e-4,-0.009442040297478234,-0.0014947753960308416,7.798843551052912e-4,gaze_duration,gecozh,sCN_18,0.17963340122199592,0.3906313645621181,0.21574344023323616,0.17732039510900308,0.2049327764397427,0.24118167129050944
18,0.049282458217434134,0.0030898465238367967,-0.0036662185516915914,-0.0025397067451545102,0.010197456306375863,0.010913308994314135,6.513204834198067e-4,-0.008657615308387785,-0.005155636099345328,9.587780669420353e-4,gaze_duration,gecozh,sCN_19,0.1862268881228455,0.22555625195863366,0.10217520375667945,0.06504021158309495,0.13646096321626028,0.1305167620082452
19,0.14566215890433348,0.010338834158407853,-0.03605765737550244,-0.0011601216435239297,-0.009052278607841458,0.012771763311556793,0.009276795861436288,-0.00881000096870138,-0.002929688737783624,-6.352933256632107e-4,gaze_duration,gecozh,sCN_20,0.2153683181225554,0.3578878748370274,0.16121258855848475,0.15928478480890645,0.1813391478150268,0.2330940916386542
20,-0.155640385682311,-0.004997793446909927,0.00663499552150172,0.001223276750854846,-0.0017248490269891228,0.004701767855018014,0.001614733620200872,0.002175243977820583,-0.007131100552969295,-0.0016988768816741343,gaze_duration,gecozh,sCN_21,0.21031945141327982,0.290600434855327,0.21348586940714528,0.18740607882107713,0.21232393285666062,0.22527388222297234
21,0.007138767645840692,0.007946314180197011,-0.0035141680133059625,0.0019514808182090992,0.0015831463010875788,0.008850011587773063,0.005810508555891033,0.0010274491695092228,-4.597671929309279e-4,3.3111504012690195e-4,gaze_duration,gecozh,sCN_23,0.22342748467986195,0.3526097062759738,0.1898391916891988,0.11133247948389545,0.20335619933102783,0.20843018311695674
22,-0.01998458127748557,-0.0124524239217637,-0.004770852738732599,0.003399517252753663,0.004204140189309785,0.0044200598830368525,0.00389676082068079,-0.0034396211915233145,-0.0012223443990341926,2.257514950571486e-4,gaze_duration,gecozh,sCN_24,0.195726204665418,0.2736250638515239,0.13426412929138376,0.11709859424309076,0.1563686466625842,0.1733925290875689
23,-0.031748264144621965,-0.001858124390242583,0.0014895810862036816,-0.0028041978361289886,-0.012481373348674453,-0.0050805645436004035,0.0019905657333800226,0.0028576037683110227,-0.007966576267445452,-0.0018590342731089082,gaze_duration,gecozh,sCN_25,0.21111322912695388,0.3120472741136104,0.1763338615953513,0.1508188061278394,0.18873631976072328,0.20831350689959893
24,0.04378878688325336,0.027356344081447048,-0.01741804463323387,6.0117558828613e-4,0.014360893469573909,0.013028007500873226,0.0060923523162236355,-0.02303729837917792,0.005344335429686567,0.0031323648700740097,gaze_duration,gecozh,sCN_26,0.26605893576425693,0.34859727227757753,0.21612889141160546,0.14897611666593896,0.23519727964592216,0.22521185297133914
25,-0.06813157563935501,0.00447775145868909,-0.0062640796419188025,-0.002252174306825058,-0.013330401868131813,0.0018201380182159513,0.004771143968076488,-0.003431407657585209,-0.008115937617649007,-9.61634422130518e-4,gaze_duration,gecozh,sCN_27,0.2146720499733374,0.29214595871105353,0.17310994570009747,0.13096950851626676,0.18884466747418815,0.19198823325834918
26,-0.12747340045739738,-0.019977010436998774,0.012852570934025786,-0.004227807926675272,0.02070185979089289,0.015925660160807674,8.05269293369325e-4,0.004808446907359597,-0.005217385689868603,-0.0026987233378221085,gaze_duration,gecozh,sCN_28,0.1577611079053664,0.1891517599538373,0.08128197702480934,0.061251086012163336,0.10383555116904332,0.09896879147806555
27,-0.23867157452149945,-0.004256674062788914,0.013423568258402968,-0.0012917890489198348,0.022815249586138082,0.018921993887367136,0.005036570583113504,0.0018180085020834242,2.2559011435153387e-4,-0.0015332862916288702,gaze_duration,gecozh,sCN_29,0.1647892441860465,0.20575944767441862,0.10989432185292668,0.07287959261895637,0.13053875849817226,0.12285196952615217
28,-0.06982397049813611,-0.0014370721068477953,-0.009783516938056024,-9.454469902083012e-4,0.013322811949478364,0.01575108735408789,0.007297152588922623,-0.011965501174985693,0.005614536096805457,3.814318511854773e-4,gaze_duration,gecozh,sCN_30,0.19611344537815126,0.33455882352941174,0.1830805492928879,0.1750358680057389,0.1873536299765808,0.22733847637415622
29,-0.016141491371974098,-0.0073055147976345625,-0.010074173816596567,0.002205315696155924,0.025892038184241357,0.020849642051395886,0.0055212026833108335,-0.010372827792871882,-2.3934151477446458e-4,9.600174964703276e-4,gaze_duration,gecozh,sCN_31,0.18796122124149905,0.21176385472435247,0.12241591239244608,0.08269080344172533,0.15097730138713744,0.1389344262295082
30,0.04105620153911415,0.010316230369010006,0.002810823462233465,-0.0014677097326988634,0.0012342389432995063,0.006122959437207808,-0.002960025229651253,0.003987587023166544,-0.006362140907682211,-6.925908506097245e-4,gaze_duration,gecozh,sCN_32,0.1751434406301663,0.2160848001555966,0.11936216762032986,0.05987041400201952,0.13620745352559396,0.10704531438136912
1,-0.0328683933710225,-0.01836878231492,0.0012310527738965,-0.00337931321393275,0.00435889893489425,0.01006649893561,-0.00126844646094225,-0.0145731239748,0.0042015305635825,-0.00512067876353025,gaze_duration,hkc,s1,0.16848364717542122,0.4449950445986125,0.16371220020855057,0.10166840458811262,0.16535702084045098,0.2200204988042364
2,-0.0711984314766525,0.002289847878875,-6.359024551207498e-4,8.038034201710001e-4,-0.0041096909074425,-0.006445075806965,6.169628484875e-4,0.0033789700088500004,0.006214591800605,-0.00190476455204275,gaze_duration,hkc,s2,0.18335146898803048,0.36942328618063114,0.27572987319374814,0.1713358891182542,0.24325874928284566,0.24096385542168675
3,-0.023051566655,-0.0145646967400975,-5.3688663957575e-4,0.0060840892583775,0.00153419709322,0.00324507912685,0.00341333852212775,0.01144317995534175,0.0065390943235765,0.00474014424874875,gaze_duration,hkc,s3,0.13102409638554216,0.23343373493975902,0.23669579030976967,0.2545671167593328,0.2002080083203328,0.24726989079563183
4,-0.13678298137975,7.928898409599998e-4,-0.001104974194396175,0.006305965105825,0.0089132311245525,-0.004605149966407499,8.043781411679999e-4,0.009539603041866249,-0.0081479354849575,0.00955697195075,gaze_duration,hkc,s4,0.17845117845117844,0.5412457912457912,0.2459618208516887,0.39684287812041114,0.2254601226993865,0.44069529652351735
5,0.18358555755,0.02128141242332,-0.00246266980685525,-0.0128336653025,-0.0148046039081875,-0.0076740334851125,-0.00270276287381,-0.012459878469075,-0.0050474696288749996,-0.008816653650395,gaze_duration,hkc,s5,0.2294314381270903,0.4140468227424749,0.22928399034593724,0.34432823813354785,0.22933936196935442,0.3705099221301181
6,-0.050815516973537506,0.0265769322980025,6.575461455124999e-4,0.00509480158715,-0.003422140547885,-0.0077239760433525,-0.0013150005230300001,0.0172083896674025,-0.00400308411725775,0.0041485999305325,gaze_duration,hkc,s6,0.21761883994766681,0.41168774531181856,0.26835985312117505,0.25061199510403914,0.2474375112389858,0.31702931127495054
7,0.1687881066675,0.04345259149,-3.892949201775e-4,2.9831072919500004e-4,0.004308997789395,2.0773560572499914e-5,-7.5556050820735e-4,-0.0025974118987875,-0.01336666815825,0.0026287160033359,gaze_duration,hkc,s7,0.17246835443037975,0.35324367088607594,0.24149895905621097,0.15128383067314366,0.20924214417744916,0.2456561922365989
8,0.072383867258,-0.0216513335698,0.001462683060057,-2.194298179955e-4,-0.0077428275428375005,0.0021487261147978497,-6.4455048311e-4,0.007904914707795,0.006005232100887501,-0.0022758270487825,gaze_duration,hkc,s8,0.1408355795148248,0.42452830188679247,0.17136659436008678,0.172234273318872,0.15940881499076273,0.2710477698601214
9,-0.03456519122591625,-0.0309870023545,0.0035778805473925,0.00214886167355275,0.0036924717745825,0.0132968343756,-7.622152541020001e-4,0.00784527981650825,0.0049047135938475005,9.207529568845001e-4,gaze_duration,hkc,s9,0.12885154061624648,0.27450980392156865,0.17587719298245613,0.2469298245614035,0.15776699029126215,0.2575512405609493
10,-0.013212834555499998,0.05287596725,-0.005654851083675,0.001081746241045,-0.0035355156895645,-0.0234473268525,-0.00104047632296025,0.0051848684185125,-0.01069495623397475,0.0025273456271375,gaze_duration,hkc,s10,0.16815476190476192,0.41418650793650796,0.2275132275132275,0.21105232216343328,0.2054263565891473,0.2866371354743448
11,0.1179655280935,0.022917137579575,-7.6768368686e-4,2.1442737898059997e-4,0.0047739405912064995,0.010511041801975,-0.0016415847030547,-0.022639100025375,0.0029227879024375,-0.002995513870575,gaze_duration,hkc,s11,0.14107883817427386,0.15260488704472108,0.18019047619047618,0.136,0.16249478514810178,0.14351272423863162
12,-0.2252704831425,-0.031382681517825,0.004833511132025,7.683802477822502e-4,0.0137219375480275,0.0053888382283997505,2.2081926740675006e-4,-0.00875613229435,-0.0046023531944825,0.003293770499296,gaze_duration,hkc,s12,0.16943127962085308,0.6569905213270142,0.2565838976674191,0.4815650865312265,0.22273354809019788,0.5497008743672342
13,0.013340830881209999,0.035836581283,-0.0035570340995474997,0.00484907906008025,0.0040951473180975,-6.451795068550001e-4,9.463618244744999e-4,-0.0051684688427225,0.0048712297257525,0.00508258414999125,gaze_duration,hkc,s13,0.17119341563786009,0.45185185185185184,0.14475224346468982,0.08388607101053452,0.1532556908417152,0.20222339862361038
14,0.124221605211,0.09322801055,-0.0063201216987075004,0.0028787176199805,-0.012855280439747499,-0.003642356431748,-0.0058858416650075,-0.0129134577572375,0.0041147553145724994,-0.006604268741975,gaze_duration,hkc,s14,0.16924910607866508,0.26102502979737785,0.14095660437123853,0.061767500791891035,0.15350722594289742,0.150158618258724
15,0.06951198083475,-0.0224511992050875,0.002121127658407,-0.00482987516813975,-0.01078297339283675,-0.0044734992875125,-2.3986515201600004e-4,0.00969718710251,-0.0011310639134025002,-0.0024737564507225,gaze_duration,hkc,s15,0.2338877338877339,0.35135135135135137,0.277009507346586,0.38720829732065687,0.26434676434676435,0.3766788766788767
16,0.09186982296075,0.011014704790250001,-2.8779020244625004e-4,0.007570087534675,0.006018469154926775,-0.0084394532115325,9.291459081375001e-4,0.0180523791691825,-0.0074907032800627495,0.0077979110291225,gaze_duration,hkc,s16,0.1711803781297905,0.5513541134389371,0.2459795321637427,0.2320906432748538,0.2147879821010015,0.3652248028979331
17,0.021076075933917502,-0.04162996896075,0.003422463002545,-0.0057612732749375,-0.007978218387755,0.0035567113033250003,-0.0021384669900065,-4.1121890070000024e-4,2.8290685796999993e-4,-0.008276946602675,gaze_duration,hkc,s17,0.23481781376518218,0.4649122807017544,0.31126812941613985,0.3990330978058758,0.28410453128746105,0.4224406617118197
18,-0.18478114125,-0.0104953818704,0.0010416404776458002,0.00635382709734,0.00548257426124325,-0.0035655389633375,8.253186644622501e-4,0.014496440307317525,-0.0014968081447675,0.00665672408271,gaze_duration,hkc,s18,0.1665706051873199,0.5838616714697407,0.24493794905290658,0.47256694970607444,0.21659370439858244,0.5128205128205128
19,-0.053195384657,-0.030570235289100002,0.0017550868749687501,-0.0015733856968325,-4.2250072912000035e-4,0.0011843678981475001,0.0025766139522875,0.0041447381039055,3.426798950344999e-4,2.3567851573274992e-4,gaze_duration,hkc,s19,0.16453382084095064,0.4853747714808044,0.1866866866866867,0.13663663663663664,0.17884864165588615,0.26002587322121606
20,-0.059311257616225,0.02691586565775,-0.001220390860025,0.00230332255566,9.332596139749986e-5,-0.006522048859650249,-0.00247687233732815,0.002668008823395,-0.001918082672348,7.658593000974999e-4,gaze_duration,hkc,s20,0.17141162514827996,0.4774614472123369,0.25874125874125875,0.20483682983682983,0.2299726455646737,0.2946463462289957
21,-0.1221403420097,0.02538336965814,-0.0044532808942825,0.01441411224,0.00893240136206,-0.0097170850453125,9.4993872162875e-4,0.0165642361647125,-0.00191784602592,0.008615681682,gaze_duration,hkc,s21,0.16868512110726644,0.3693771626297578,0.2265625,0.1490625,0.20228592162554426,0.24147314949201742
22,0.046245389560199995,0.03156039670625,-0.00135303302379,-0.0042553313919975,-0.009901612817475,0.00463552186717125,-0.0050796642709575,-0.02296379349655,0.0123285394068,-0.015578799475,gaze_duration,hkc,s22,0.2434141201264489,0.2297154899894626,0.2850931677018634,0.16459627329192547,0.2696365767878077,0.18874560375146543
23,1.3797452810003147e-5,0.034341100386975,-0.00449137980635,0.0010309441778995,1.333397425499955e-5,-0.001164762259325,4.3769228847200003e-4,-0.0139935848741625,0.00718044504895,-0.004121950187735,gaze_duration,hkc,s23,0.19178743961352657,0.2990338164251208,0.20225838591829956,0.12653603454001994,0.19799252115725252,0.19681165124975397
24,0.011585565672997424,-0.020928164590675,0.0032379324248115,-0.009332352917825,-0.01254892911514,3.0079686419250026e-4,-0.00269149980781025,-0.0100123663621275,0.003753605451215,-0.012900425660000001,gaze_duration,hkc,s24,0.14512195121951219,0.7146341463414634,0.2732704402515723,0.5345911949685535,0.2296680497925311,0.595850622406639
25,-0.12546181805,-0.0219448966008,0.0033104528683525,0.0053666613295224996,0.0020317455145149998,0.0061242070852875,-0.00153653777822525,0.0069005797188675,0.01019958760418975,7.522322240347501e-4,gaze_duration,hkc,s25,0.2640795078088026,0.4406057737813535,0.33990641711229946,0.28342245989304815,0.30852105778648387,0.3484818805093046
26,-0.1003521588225,-0.03926617583075,5.584388336400002e-4,0.0031167913872475,0.014934916521546375,0.0074912110102225,0.00202843172778325,-5.060297606854996e-4,-0.00408635564679425,0.0050442791374350005,gaze_duration,hkc,s26,0.11844197138314785,0.36486486486486486,0.18828792191947946,0.2700284668564457,0.16464891041162227,0.3021253699219801
27,-0.01663382573657,-0.023248236149125,8.178762945337499e-4,1.752533969675e-4,-0.0052974390045635,-0.0011599887763780001,0.0015397827410787498,0.00503330459211,0.0113478474889325,-0.00526557521213,gaze_duration,hkc,s27,0.19753086419753085,0.45267489711934156,0.2829854969932791,0.29678103997170147,0.25390898483080515,0.3498249708284714
28,-0.0714033859776,0.0366249163835,-0.002583775286666,0.0134351209425,0.0126003634651175,1.1621812009999961e-5,3.1810053627174997e-4,0.01636546484871,0.0019876829895025,0.0082959434835,gaze_duration,hkc,s28,0.18973105134474327,0.4919315403422983,0.23803718378543126,0.18927156354769886,0.2194892977844536,0.30548253849042434
29,-0.0902011622975,-0.011739042052865,-0.0013742704193682501,0.00525663669893325,0.0161715999108,0.0102286513830225,0.0032415498988125,-0.01181581743234775,0.00422555356017,0.005117658240325,gaze_duration,hkc,s29,0.12778065183652354,0.30108639420589756,0.16447876447876447,0.10617760617760617,0.14879504753482203,0.18947601149679416
30,0.06292968681445,5.229710881975001e-4,-8.708619792485e-4,0.0047025317912375,1.2157618098750016e-4,-0.0057167653146425,0.00155412977286325,0.016193555189175,-0.0021018233321012498,0.007819647912425,gaze_duration,hkc,s30,0.20048750761730652,0.3991468616697136,0.29924528301886794,0.2720754716981132,0.2614775110696807,0.3206711722209275
31,-0.118669006253,-0.01986229786935,4.4152963654175005e-4,-0.0026186521251935,-0.003262699410837475,-0.002367166608215825,0.00133345032546475,-0.0074444121244745,3.946306452500008e-5,-5.963503767677501e-4,gaze_duration,hkc,s31,0.1800595238095238,0.6453373015873016,0.26131293817718293,0.4321223709369025,0.22953046177726039,0.5155219247186651
32,-0.12667821230325,0.01460215844505,7.983663637915001e-4,-0.00580551921362125,3.1904154063000013e-4,0.00414695592985,-0.003721016606963,-0.026653806604075,-0.004372120693085,-0.00543060835375,gaze_duration,hkc,s32,0.18120805369127516,0.5277608297742525,0.3150977995110024,0.3383251833740831,0.2704133577682753,0.40154754632457745
33,0.220379564475,0.02244873860458,-0.00239007587104125,-0.006939833626525,-0.007656096639148925,-0.005712993206625,0.0017196160129615001,-0.0012843032696425003,-0.007597283105685,-0.00160620502184075,gaze_duration,hkc,s33,0.16164383561643836,0.4589041095890411,0.17900973338975879,0.21878967414303852,0.17237771383730055,0.3104891446507978
34,-0.1985184863975,0.007112829562425,-0.002280668769945,0.0036447513027145,0.0100014584996075,-0.0034634233859925,0.00225887269476,2.537942062000057e-5,-0.0063555441895125,0.00732557925095,gaze_duration,hkc,s34,0.16381687810259238,0.5857694429123,0.21270903010033446,0.3354515050167224,0.1942535915053092,0.4299396210701645
35,-0.144581467425,-0.03826632694375,0.001743532796065,-0.0041575458263125,-0.004630605747049999,-0.00227273637518825,9.17314376447e-4,0.0097526019976295,0.0030451764175734998,-2.041683610730001e-4,gaze_duration,hkc,s35,0.24711981566820276,0.4861751152073733,0.2527098172808919,0.5091359554041499,0.25075528700906347,0.5011077542799597
36,-0.085520848916225,0.05142258688,-0.004062620834977,0.006673915223055,0.0027685358796825,-0.0014250306479255,-8.168874989527501e-4,-0.00321680305559,0.008164810993675,-0.0012160475105555,gaze_duration,hkc,s36,0.16872037914691942,0.509478672985782,0.25868621064060804,0.16178067318132464,0.2259233690024163,0.28840179496030377
37,0.04795033730679,0.006510799712825,-7.525308382425e-4,0.0041509674767925,7.7203203051e-4,0.00974596523322975,-7.513664417875e-4,0.00704378124435,0.007439573203735,-6.3902692422499965e-05,gaze_duration,hkc,s37,0.22982885085574573,0.4792176039119804,0.3101155057752888,0.27301365068253414,0.2766217870257038,0.35903712770297835
38,0.0522898144793,-0.00588498769243775,0.00149839150607775,3.8917042921250006e-4,0.00640027127251,0.0091964845302475,-4.97375651205e-4,-0.0108740897247275,-0.001195120687719,4.956368892607501e-4,gaze_duration,hkc,s38,0.21048182586644126,0.2404902789518174,0.2632302405498282,0.18969072164948453,0.2395754359363154,0.2124715693707354
39,-0.0451796142577075,-1.8255514107850043e-4,0.0010724068405487499,-0.0040424340566425,-8.929382309742498e-4,4.3857999348600015e-4,-0.0010324700308352501,-0.00188440507608,-0.00263978837621325,-9.3111649889e-4,gaze_duration,hkc,s39,0.19261213720316622,0.662269129287599,0.2691095350669819,0.5445232466509062,0.2405032067094228,0.5885545140601874
40,-0.112861554776325,-0.04544207946175,0.0022316591311085,-2.0561525763550004e-4,-0.00382663328933,-0.0031978960218850003,0.0027057854323425,0.01766520739665,0.0021116635304725,0.00386927835500075,gaze_duration,hkc,s40,0.16204051012753187,0.33308327081770445,0.2192916352675207,0.39223813112283346,0.200150489089541,0.3724604966139955
41,0.055264494951525,6.478128090424997e-4,-0.004592817132535001,-0.0037783074145332,-0.0199384971319,-0.0260300019775,2.5516567072625005e-4,0.01332665315205,0.00618847624866,-0.00674898915592,gaze_duration,hkc,s41,0.1839080459770115,0.6467727674624226,0.3139029688631427,0.28638667632150616,0.25537420382165604,0.4486464968152866
42,0.062202822781,-0.0183781518240925,9.836150833682502e-4,4.904922478062499e-4,0.010036417094885,-0.0019157601587985002,0.00235794136178,-1.6386457004000173e-5,-0.00865791231775,0.0037549858559075,gaze_duration,hkc,s42,0.25386100386100385,0.3083976833976834,0.30713101160862355,0.24908789386401325,0.2854334578336937,0.2732455278160016
43,0.0461176250568,0.0038757570054500003,8.615359288037501e-4,0.00248236618234,0.0020587298429267506,0.011625396159949999,-0.001070622955316775,-0.0114742112878025,0.007039887515815,0.0010248317490809998,gaze_duration,hkc,s43,0.16903633491311215,0.30121116377040547,0.18414029736942433,0.12619138391155166,0.17779743476337903,0.1996904024767802
44,0.040804473639895,-0.0115409551073075,0.00186987427943125,9.6873695685225e-4,-0.00231197032798825,-0.001580184581075,-4.3619519077375e-4,0.0140318629308,-0.00406249323423405,0.00252567876535275,gaze_duration,hkc,s44,0.22654964344487108,0.5628085573230938,0.3057567670606176,0.434616850934045,0.2732793522267207,0.48717948717948717
45,-0.009488583951407501,0.0017032109017830002,0.00259486102603375,0.0050558212604275,0.002806320053605,0.0034298735248325,-0.00152197513645175,0.00904722941542375,-0.00231636342902,0.0048394399876025,gaze_duration,hkc,s45,0.13985374771480805,0.2586837294332724,0.09100719424460432,0.0341726618705036,0.11252012882447665,0.13305152979066023
46,0.016746307308949996,-0.01700114271165,0.0016673784195699998,0.0010704645863225002,-0.0032276543897727505,-0.008065984842835,4.3232319426500006e-4,0.02273522229645,-0.007258410549965,0.00960010032225,gaze_duration,hkc,s46,0.1300287356321839,0.5251436781609196,0.14231642694928084,0.2952308856926571,0.13807635101636093,0.3745661874070402
47,-0.051202293031225,-7.147337893975001e-4,-6.726577393600014e-5,-0.0047018205271825,0.005441672762959751,0.0024458199305625,2.8567679894e-4,-0.0210972257861,-0.0050067703016875,-5.44096910106425e-4,gaze_duration,hkc,s47,0.15555555555555556,0.4467432950191571,0.19544364508393286,0.34092725819344527,0.18177042290517467,0.3771998949303914
48,0.06134883228555,6.158033526499996e-4,0.0031668813941544503,-0.00430993595299,-0.0063004428391649995,0.003634747129394,-0.0015631805097375,0.0012889278207575,0.00282143569937,-0.006947479609375,gaze_duration,hkc,s48,0.1471556182416549,0.6535025858015985,0.29779179810725553,0.2842271293375394,0.237304134415707,0.43250896734000377
49,0.0303421201203125,0.0191532809815,-0.0026677167649349996,-2.9150355605700006e-4,-0.012507125970285,-0.0089202588422475,-0.0019657346984325,0.010141020540055,0.004054435998012,-0.0030615934381750002,gaze_duration,hkc,s49,0.162109375,0.45263671875,0.20895031260282987,0.15728858177031918,0.19009239237271477,0.27619422056221743
50,-0.0125978378834275,-0.045440948515,0.003630707447405,0.0016379887185905,5.447320253199998e-4,0.009284778365325,3.7997744635100004e-4,0.0086087398066775,0.003362347271815,2.9827071339475e-4,gaze_duration,hkc,s50,0.15876974231088944,0.45054031587697424,0.19404374127501164,0.2359236854350861,0.18138424821002386,0.3129474940334129
51,-0.0161676112263075,7.464396140324997e-4,-0.00114694535215125,0.0033311567111325,-0.01409106400265,-0.014775057977825,-7.466059477725001e-4,0.0245396112895,0.01417809906255,6.057931555175e-4,gaze_duration,hkc,s51,0.1966794380587484,0.5210727969348659,0.255249343832021,0.21325459317585302,0.235370611183355,0.31772865192891203
52,-0.06816976251672499,-0.008600795635025001,0.0014611557190002248,0.00294789802035025,0.0121879461343,0.0035389674930235,6.4772233606025e-4,0.0014038324837575,-0.013657672419775,0.0090801469375,gaze_duration,hkc,s52,0.1952802359882006,0.39410029498525073,0.28684995031467375,0.41735674064259687,0.2539244802715316,0.408994484514213
53,0.169273045065,0.016966798622675,1.541970300487498e-5,-0.0015910234100725,0.00194928719944,-0.002843459233038,7.002426171375e-4,0.008661008739525,-0.01543489791605,0.0050455216601575,gaze_duration,hkc,s53,0.23523942352394236,0.4807066480706648,0.30273189326556543,0.3745235069885642,0.27533496886204945,0.4176259671636158
54,0.04238387800466,0.03705340456425,-0.001576668426625,-0.00219827474045925,0.0020562203507849997,0.003845751065475,-5.7905384561e-4,-0.008971471586575,0.0013147896430624998,-0.003307476980005,gaze_duration,hkc,s54,0.14871347579590058,0.4273877017008286,0.2180214240705734,0.2132955261499685,0.18895189317724528,0.30309127492226084
55,0.019555421984335002,-0.02964125577054,0.00192835614647075,-0.00429369593044225,-0.006487515625007,0.0034212980526664998,-1.8111786504499997e-4,0.00365804380178,-5.0635864646249895e-5,-0.0016011897396475,gaze_duration,hkc,s55,0.18126626192541198,0.5429314830875975,0.2797325826882477,0.43209007741027444,0.25131414267834795,0.46408010012515644
56,-0.189750003425,0.033680378353575,-0.0025324597537875002,0.0079944304982975,0.004902731405154999,0.00425191756132225,-1.4242739722999973e-5,0.0016785193816225002,0.0130525570896525,1.9231680979124995e-4,gaze_duration,hkc,s56,0.23491655969191272,0.3170731707317073,0.2538860103626943,0.22399362295735353,0.24661912957954266,0.25965084829112367
57,-0.07178625042926826,-0.01256254592739025,0.001426374852562,-0.00297638041665,0.0034049963064005004,0.0030459275330075,-0.001119592325415,-0.010915673596775,-0.0023801868712835,7.48162506208e-4,gaze_duration,hkc,s57,0.22899262899262898,0.5656019656019656,0.2636882767887135,0.5424924420557609,0.24960095770151636,0.5518754988028731
58,0.06979652689375,-0.0172595494362,8.516209502074998e-4,0.00897255121625,0.0031149594960325003,-8.430617924099998e-4,0.002077917640795,0.026582217452477,-0.005193968558505,0.0105485214675,gaze_duration,hkc,s58,0.1596153846153846,0.4182692307692308,0.1828978622327791,0.22850356294536817,0.1751987281399046,0.29125596184419716
59,0.148890292841,-0.03251571233855,0.003562523196885,-0.0036691946087647497,-0.00970906420849,3.7866337359500005e-4,0.00170285502804,0.019782302319186748,0.0023701525137659,8.749854371225002e-4,gaze_duration,hkc,s59,0.18844807467911318,0.26896149358226373,0.23051735428945644,0.3104125736738703,0.21539429530201343,0.29551174496644295
60,-0.059451788584425,0.03196690980075,-0.0012409954941797502,-0.0017944367221625,-0.0026332596606545,-0.006884070749075,-0.001522148343935275,-0.00240238254011,-0.0025562235285249996,8.6581809924075e-4,gaze_duration,hkc,s60,0.17019867549668874,0.4337748344370861,0.2877648667122351,0.2952836637047163,0.24774571686203786,0.3424256086564472
61,0.08632424495675001,0.0131130800026,-9.177207334079995e-5,3.9000772923e-4,8.407410879175e-4,-0.00471439079811325,-0.00100037561030305,0.0028595251057925,-0.00544472581089,0.0016766962607260001,gaze_duration,hkc,s61,0.20654911838790932,0.5465994962216625,0.2488656195462478,0.45759162303664924,0.23154639175257732,0.49402061855670104
62,-0.005458890288132,-0.008010279164595,4.6836764892649996e-4,-0.006468084030525,0.0013902345971449999,0.0061771584619625,2.644057082949999e-4,-0.01526674603838,-6.4467220801525e-4,-0.0047353089569625,gaze_duration,hkc,s62,0.22383073496659242,0.388641425389755,0.29620661824051653,0.2845036319612591,0.26579316799251285,0.32826392138511934
63,0.0599704465087,-0.0023783009328759994,0.0018165444367975,0.00186634311225875,0.0070555700849,0.00515183774294,-3.4372924608324994e-4,0.00559726472854,-0.0100367314027425,0.00565207372755,gaze_duration,hkc,s63,0.15914096916299558,0.5165198237885462,0.22670690305545077,0.3236514522821577,0.19923886277143496,0.4020595477949407
64,-0.09502238630208,-0.024502624969875,0.00127188447111725,-0.00484994536243,0.00240828469864925,0.0051932951197965,9.4130715792975e-4,-0.0082681230030275,-2.0688094814499998e-4,-0.0033550332182817498,gaze_duration,hkc,s64,0.2553062462098241,0.4687689508793208,0.3226676946800308,0.4317656129529684,0.29648833372613714,0.44614659439076126
65,0.0196176021184525,-0.03651614928125,0.0022566710699884,-0.00346296502594,-0.0016809292928175001,0.0048659607076225,0.001460107512393,-0.00513575357239,0.0016584561410524998,-0.00229017956104265,gaze_duration,hkc,s65,0.16104868913857678,0.42429106474050293,0.15148305084745764,0.2916666666666667,0.15528610933843864,0.34439480961497554
66,0.031004747344225002,0.010452904966910249,1.0589889382074982e-4,1.0207757611275003e-4,0.011738980571162499,-2.64494701005e-4,0.0020511383799625,-0.00839838883845675,-0.020168025335,0.00832886211175,gaze_duration,hkc,s66,0.11177644710578842,0.34331337325349304,0.15994387934058224,0.2469309014380919,0.1400617919670443,0.2867147270854789
67,-0.10723038957575,-0.02068702434153,0.00138716062976125,0.00639658167155,0.003376285933065,0.0054240416254125,-1.9412875947799995e-4,0.0150914777191275,0.00129159209943,0.0024056954660675,gaze_duration,hkc,s67,0.2416382252559727,0.43686006825938567,0.25843588725684796,0.3056768558951965,0.2522590361445783,0.3539156626506024
68,-0.10648781176625,-0.01733298355866,0.0030057876974945,-0.001748882004145,0.018001676977775,0.012713872119615,8.8439724468875e-4,-0.019420690444775,-0.009549494221475,0.00319803819236475,gaze_duration,hkc,s68,0.1967445152158528,0.329794762915782,0.24841269841269842,0.3134920634920635,0.22109988776655443,0.3221099887766554
69,0.0983937155625,-0.012951780479595,0.0011936181273954,-0.007711728114,-0.0012932272255575,-6.863651061105e-4,8.290406403295e-4,-0.00713330943157175,-0.00277139270154525,-0.0047831708535625,gaze_duration,hkc,s69,0.1957757920389927,0.4614134849715678,0.2638061183949146,0.5208581644815257,0.24146211312700105,0.5013340448239061
70,-0.13482221656525,-2.5189629725499995e-4,9.393649388615e-4,-0.00792332465445,0.004686593698955,0.0034110269614875,-7.200677207810525e-4,-0.026861091011325,-0.0061509701455025,-0.004061882080885,gaze_duration,hkc,s70,0.19323467230443975,0.6300211416490487,0.2486554887693768,0.5896868079721607,0.22493666304741222,0.6069489685124865
71,0.1803552395725,-0.0049588629526425,5.923039423750032e-5,-0.006911237254625,-0.01890987586595,-0.005499455619912975,-4.1065452206999996e-4,0.005296907993085,0.00283894403083,-0.0085777215325,gaze_duration,hkc,s71,0.24475524475524477,0.3832167832167832,0.25573770491803277,0.2815573770491803,0.25167958656330747,0.31912144702842377
72,0.059654179199225,-0.043488504602425,0.0049484196504425,-0.00871730133275,-0.003365966399375,0.0055125162580935,-8.0605581723225e-4,-0.00407346249189175,-0.0030073011782,-0.0063303019722675,gaze_duration,hkc,s72,0.1400804289544236,0.6702412868632708,0.2126220886551465,0.5612321562734786,0.1865671641791045,0.6003851709195955
73,-0.0509030229997,0.0192070311105,-6.878775231968674e-4,0.006504405523825,0.0124032068151775,3.7539926294750004e-4,7.968359235675e-4,0.0024000076599475003,-0.00807398640177,0.009153692321,gaze_duration,hkc,s73,0.15045871559633028,0.5094801223241591,0.23079268292682928,0.2658536585365854,0.20406917599186164,0.34689725330620547
74,-0.034084730203750004,-0.03355000508525,1.6589173077275e-4,-0.007192942631375,-0.00159577149841275,-0.001852408847505,0.0018014026060962501,-0.006084146769679999,-0.0028711383803725,-0.00164823672862,gaze_duration,hkc,s74,0.22722222222222221,0.43555555555555553,0.2650347537020248,0.43789664551223934,0.2517126639264044,0.4370718340183989
75,-0.08601818251,-0.0016773135482825003,-0.0019208245058845,0.0052939372726325,0.0050512125903925,0.005091924044565,8.587669224054999e-4,0.0080948409752239,0.0074602785152375,0.001106951827324,gaze_duration,hkc,s75,0.1933411214953271,0.3662383177570093,0.23869578591202706,0.25376807136265767,0.2230505742494459,0.2925649808583518
76,0.049424410743421,0.047050619865,-0.0036485882502147494,0.0021276556664425,-0.00259562524708,-0.014561037203249999,2.6602998624994853e-07,0.0010011352095374998,-0.01074287917597,0.0036172659512025,gaze_duration,hkc,s76,0.171875,0.45146276595744683,0.2499301870985758,0.15470538955598995,0.21429655486416754,0.29018060403703144
77,-0.034173411441775,0.0125464821310675,-0.0010321786754925,0.0034005450327125,0.0153112290439775,-0.0061698330440525,0.0017461628713125,-7.628081170249986e-5,-0.014711731214,0.008750549135,gaze_duration,hkc,s77,0.16126084970306076,0.42348104157149385,0.22056686046511628,0.22274709302325582,0.19429265330904674,0.31167779801659584
78,0.005222140192610001,-0.0035046522146475,0.00174966482684325,-7.9708218847025e-4,0.011328871836025,0.012507016868275,0.00113412348486,-0.0110749986793075,-0.00847651695985,0.0059953600554,gaze_duration,hkc,s78,0.26126558005752637,0.5095877277085331,0.3241206030150754,0.40380473797559224,0.29720853858784896,0.4490968801313629
79,0.0017483175164500029,-0.0044295928285,5.7943937273e-4,-0.00528571425089425,-0.00449282302518,-0.0027451839109897498,3.7127730073424994e-4,-0.0076150886202885,-0.0032850481802475,-0.0032372718360675,gaze_duration,hkc,s79,0.203012912482066,0.38880918220946914,0.24328414680287552,0.3605751040484298,0.2293782511766163,0.3703244983898935
80,0.04739005719305,-0.003399678415545,2.136775352825e-4,0.00545001287335,-0.0035641865287275,0.0029070752852249997,-1.648164319425e-4,0.0152530502694575,0.01416446477795,-0.002203729234332,gaze_duration,hkc,s80,0.15745501285347044,0.3181233933161954,0.25369380697893745,0.228230116315624,0.22208148617268314,0.2577580747308423
81,-0.023803902037950003,-0.012207907962744501,0.0012641980044132502,-0.0043079956893075,0.0034728991761,0.005236530450985,-2.36501904104e-4,-0.02148882648468,-6.76910518345e-4,-0.00261930937590375,gaze_duration,hkc,s81,0.20683111954459202,0.47248576850094876,0.2646370023419204,0.3517564402810304,0.24004305705059203,0.4031216361679225
82,0.31631199375,0.062962617725,-0.0068042259909775,0.0029800575358125,-7.255020817050003e-4,-0.00666083034311,0.00208179650041025,0.001584052486322399,9.146393372850001e-4,0.002535243740014,gaze_duration,hkc,s82,0.1501818181818182,0.276,0.22573426573426572,0.11888111888111888,0.19288537549407114,0.18719367588932806
83,0.0503364402651,0.001425834149014,0.00125564558862825,-0.003072596549345,-0.0010595288739389998,0.00167768261007,-0.00286533790504,-0.007469622968959,-8.901216625150002e-4,-0.003680121362205,gaze_duration,hkc,s83,0.2832618025751073,0.4394849785407725,0.34577603143418467,0.34544859201047806,0.3187221396731055,0.3861441307578009
84,-0.0019236199374250023,0.010467692151635,-0.0026784612622159994,0.007218362784825,-0.0180596353895825,-0.0137099354330925,-5.712272851129999e-4,0.03546343224025,0.012649172335,8.0369569483375e-4,gaze_duration,hkc,s84,0.14721254355400698,0.3162020905923345,0.2071376011773363,0.16225165562913907,0.1893429901707191,0.20796689084324885
85,-0.10017817985075,-0.02770502008675,0.004100230321565,-0.001260617861202,0.007004652566415251,0.00656440149792,-1.2504629240825003e-4,-3.9177737344999977e-4,-0.00884798564005,0.0043729530738875,gaze_duration,hkc,s85,0.18039482641252552,0.43635125936010893,0.22087813620071683,0.40770609318996415,0.20480951094298838,0.41907592542556066
86,0.0450996986227,-0.0186324307043,6.774332256757499e-4,0.0018913370499774999,-0.00597313995812225,0.0014463322273514999,-6.83065567654275e-4,0.00271081881075,0.0074576616549775,-0.00283905406524125,gaze_duration,hkc,s86,0.24807527801539778,0.33361847733105215,0.21260541500221927,0.19973368841544606,0.22472238457042665,0.24547048509643482
87,0.19651512845,0.022498501846175,-5.3431124588475e-4,0.00704933045999,-0.0010733336973601248,0.0011807210083,-0.0022862336984345,0.01980753903598,-3.6720333973249986e-4,0.005250214504995,gaze_duration,hkc,s87,0.14859658778205834,0.4760594386351128,0.183125,0.0834375,0.17061989236595576,0.22563284831572653
88,0.009882347782974999,0.0140681881016775,0.00136497096007775,-0.002480089919199,-8.95414342225e-5,-0.0070102603732025,-5.820473820025e-4,0.01152871300490225,-0.012918889816349999,0.00686167204295,gaze_duration,hkc,s88,0.2033686837180287,0.46537741734248284,0.2720779220779221,0.3194805194805195,0.24855861627162076,0.369421311125347
89,-0.0878387948554,0.0540705131,-0.0015540275402550002,7.879651079025e-4,0.00500544042931,0.0068572280232450005,-0.004478541617095,-0.0287948737406,-0.001153875919698125,-0.002448825097705,gaze_duration,hkc,s89,0.2831345826235094,0.37717206132879044,0.3412698412698413,0.2396825396825397,0.31322925225965487,0.30599835661462615
90,0.0040577041529,-0.03493590174675,0.0018683732387625,-0.0044216792108475,8.972582861500001e-4,0.008076895243415,0.00144375045147525,-0.004705631114065,0.001758718525833,-0.0010489239660014,gaze_duration,hkc,s90,0.17771883289124668,0.48010610079575594,0.207425068119891,0.5456403269754768,0.19734473447344736,0.5234023402340234
91,-0.16819709682175,-0.037529686425025,3.326406716595e-4,-3.2437814367249995e-4,-0.0031988389515325,-0.0014347354794800001,0.001668337437335,0.007222427638657499,0.0099768960948975,-0.0020884466041625003,gaze_duration,hkc,s91,0.13004846526655897,0.388529886914378,0.1808066759388039,0.2902178952248493,0.16229749631811488,0.3260677466863034
92,0.013964720980524998,0.0098029289214925,-0.00116722622038,-9.8768989040625e-4,0.006558223997255,1.8308696502374982e-4,9.380183810777502e-4,-0.0037073529510975004,-0.0057112061885074995,0.00164298569061075,gaze_duration,hkc,s92,0.16859716859716858,0.38223938223938225,0.2566897918731417,0.23653782623059136,0.21836506159014557,0.29992534527808884
93,-0.210491580151,-0.033455940743,2.777984640675001e-4,0.0011385940525425,0.00255915363783325,-0.0021668031056949998,0.0018179576410275,-4.655108573925e-4,-0.00131418611360975,0.00320325303207375,gaze_duration,hkc,s93,0.22873194221508827,0.27447833065810595,0.2675600739371534,0.21765249537892792,0.2533724340175953,0.23841642228739002
94,-0.0133056680729,-0.0238668962883475,0.0034576985551675,0.00437719690537925,9.512204190692497e-4,0.008071087182925,-0.0030983398114725,0.004229737959645,0.0056784567412205,-3.580324096000006e-5,gaze_duration,hkc,s94,0.13109935332157555,0.37918871252204583,0.1939189189189189,0.20574324324324325,0.17099334906672387,0.2690409783308303
95,0.0351465229297,0.0038136670142125,-4.1309001395499995e-5,6.7827528633e-4,0.007963904864472,0.009574491842025001,0.00305866681409,-0.012825119248975,-8.945659314084999e-4,7.6500859236e-4,gaze_duration,hkc,s95,0.14504716981132076,0.2505896226415094,0.24360033030553263,0.3088356729975227,0.20301117047110248,0.28484701311316174
96,0.118388137456475,0.0226302896683825,-0.00134440529025,-0.00291523238770475,-0.0048711661147025,0.0071982549830825,-8.068334118432749e-4,-0.017489683587325,0.0067061400093275,-0.0032454913210675,gaze_duration,hkc,s96,0.1449044585987261,0.31329617834394907,0.23449419568822555,0.14759535655058043,0.19377600868463904,0.2229057354803691
97,0.050196100478755,-0.0168332600169025,0.0033631489969912502,-0.0063625706468,0.004189991057355001,0.011672743350975,-0.0022881464708885,-0.018981529020975,-0.0034946498750125002,-0.0030442252556525,gaze_duration,hkc,s97,0.27461139896373055,0.3917098445595855,0.31985535831689677,0.4533201840894149,0.3022928399034594,0.42940466613032985
98,0.172219365635,0.005902863977105,-0.00105624065945,0.0011644319240327501,-0.0048663287712245,-0.0048949172879800005,0.0012967478382735,0.0116450456583225,-0.00655224992689025,0.004165984382425,gaze_duration,hkc,s98,0.16897347174163782,0.29700115340253747,0.19717688575209527,0.2051168945743273,0.1849537615596101,0.24493876530867284
1,-0.036279695963779564,-0.052415674681960435,0.016267681941544362,-0.006138782641256295,-0.023638355544956257,0.006390095846910682,0.0027774031023037066,-0.024363576097505082,-0.0038876413868666514,0.0016837383375918323,gaze_duration,indicos,pt1,0.13772992373261553,0.5020188425302826,0.17003140421713772,0.5289367429340511,0.15388066397487662,0.5154777927321669
2,-0.01449226127067373,0.012911174327751516,0.001687314334017095,0.0041544549584554965,-0.0011885510456269986,0.0027595413543508485,0.0023121838114792434,4.945514572527182e-4,-0.007841517185775854,-8.085174548397257e-4,gaze_duration,indicos,pt11,0.0675371454299865,0.2854570013507429,0.04800358905338717,0.29161058770749215,0.057752808988764046,0.28853932584269665
3,0.044977591473645905,-0.033003211935545715,0.0025501412434651696,0.005375386586083834,-0.0164136172811608,0.002281701997626076,1.8094133457006908e-4,-0.0096422837771897,0.017100524663368172,0.0017219121945437784,gaze_duration,indicos,pt17,0.11519716437749225,0.3779353123615419,0.13055181695827725,0.3755047106325707,0.12282657155595185,0.37672759696834596
4,-0.0033501485714633006,-0.004881811581616844,0.01768936647125758,0.001772148223879233,0.030885026483006305,-0.0067431155984756345,-0.003844346052759016,0.012999567301184223,-0.0016274785027738758,5.587995368012248e-4,gaze_duration,indicos,pt19,0.21374722838137472,0.3490022172949002,0.19515477792732167,0.3737101839389861,0.2045049063336307,0.36128456735057984
5,0.20750565136739377,0.027791242627956424,-0.016260566253202737,-0.005020446323849293,0.013750404329361464,-0.019438457562773504,-0.0013551657226905049,0.009992268257419529,-0.017345701182691013,-0.0037851124500339205,gaze_duration,indicos,pt20,0.11219512195121951,0.24390243902439024,0.1718259309107223,0.27860026917900405,0.14183764495985726,0.2611507582515611
6,-0.17657927504074591,0.012356801591922857,0.0241143966790057,0.004714612578450623,0.055375992805676275,-0.027311706717728087,-0.005114115650300276,0.02296756132896921,-0.01682335281866675,-0.0017913252338935442,gaze_duration,indicos,pt26,0.0896643109540636,0.21157243816254417,0.10049349484073576,0.22790489008524,0.09503672379256621,0.21967505007789895
7,-0.002741198911995636,-0.07943089089392308,0.01605253089934982,8.163003095963289e-5,-0.01581126653702229,0.0045498668742167125,-2.5890200897861726e-4,-0.01410127779238071,0.01470325717939698,0.0015089614236961147,gaze_duration,indicos,pt28,0.1523851590106007,0.43551236749116606,0.16150740242261102,0.44100493494840737,0.15691075005564212,0.4382372579568217
8,-0.102400409983033,-0.029161442872212767,0.012004991063731209,-0.0035302821801812202,-0.037208513370589225,0.01773434426815338,0.0035565753447348,0.005051793637166212,0.006400402564203576,0.002065426732410273,gaze_duration,indicos,pt29,0.13593539703903096,0.46523104531179904,0.14227458087902128,0.34662437698232895,0.1390892696122633,0.40622182146077546
9,0.050497787543884336,0.05083663859140606,-0.005695407795537359,-0.005434150613534004,-0.04993185914534991,0.010426392353696252,0.005540605037480995,-0.03308120945430994,0.02416695958874649,-0.0013225320139910292,gaze_duration,indicos,pt3,0.19560340960071781,0.3275011215791835,0.21220278151637506,0.3445491251682369,0.20390309555854644,0.3360251233737102
10,-0.16322459149971494,-0.010201875149802144,0.02614450914819541,0.0034798908890924427,0.023117114710776477,0.003271725234840242,-0.001989662561109419,-0.019385924096763808,0.017541551462785788,0.0053657871118597536,gaze_duration,indicos,pt31,0.17028824833702882,0.3951219512195122,0.17699115044247787,0.3558453656264555,0.17355747387551113,0.3759654702407996
11,-0.05561545603143553,-0.029929530428372965,0.010430174789710785,0.0026455084068234807,-0.020000129926116248,0.012862429246382293,0.002939425225277172,-0.024067380454631127,0.016909202501625076,0.004705481893179976,gaze_duration,indicos,pt32,0.12359550561797752,0.4143258426966292,0.07685512367491167,0.42579505300353354,0.09954545454545455,0.4202272727272727
12,-0.13428297996628816,-0.03133721342275013,0.017410081835762276,0.001630123568701416,-0.028842177597137492,0.008547216813323977,0.0050634810039602955,-0.008759352895901963,0.004493117708428738,0.00215182528663938,gaze_duration,indicos,pt33,0.16390423572744015,0.4180478821362799,0.15299334811529933,0.39556541019955654,0.1583465100519539,0.4065958888637904
13,0.13930582018764426,0.07012088572027869,-0.02464393045381436,-0.001669084289174123,-0.03782495834758002,0.010019526943251643,0.005846365308739343,-0.017022634658667345,0.0029782972656032945,-8.423190544785127e-4,gaze_duration,indicos,pt36,0.10071301247771836,0.31327985739750447,0.0890316659017898,0.29417163836622306,0.09495817318562062,0.303866154193986
14,-0.013141033518829075,-0.031472602922167525,0.002125083254817994,-2.2044292508256855e-4,-0.00387612175753291,7.87589368237378e-4,-7.474543997531478e-4,-0.007936456456695622,0.007090105139831149,0.0016180319111054444,gaze_duration,indicos,pt38,0.13814616755793227,0.3538324420677362,0.1339668914776211,0.3442673206621705,0.13567017798764983,0.3481656374863785
15,0.09831653581904122,0.061524368849840055,0.0020676731198047403,0.00934178377602364,0.01371035369659822,0.003540491500430479,-9.88494257273534e-4,-0.03702935167439614,0.01254589460085127,0.0058858051920715896,gaze_duration,indicos,pt39,0.14154832798900596,0.2363719651855245,0.13191105769230768,0.23497596153846154,0.13572854291417166,0.23552894211576847
16,0.26734174880809586,-0.0363870110160559,0.023438365667522054,0.0032651014596837865,0.026939559781183602,-0.017461921865127537,-0.007540170358063146,0.007823428826726998,-0.0043913211897503085,-0.0021494223793586996,gaze_duration,indicos,pt4,0.08344549125168237,0.24360699865410498,0.04800358905338717,0.4266487213997308,0.06572454015253477,0.3351278600269179
17,-0.09569713876463665,0.005166145476745717,-0.0019999052513724634,0.00543249909263031,0.007224966196929928,0.003519562037066555,0.002528829158645918,0.008081284645343436,0.0017812336534946758,0.0016973950786909212,gaze_duration,indicos,pt41,0.16452328159645233,0.34811529933481156,0.1651825467497774,0.3343722172751558,0.16485225505443235,0.3412574983337036
18,0.07670083144267636,0.02755122265704737,0.005388876742232202,-0.0010481441408404682,0.047417351196230174,-0.02473971221518189,-0.007561948535728107,0.030009999340503326,0.0070167153010493475,-0.004509194635451016,gaze_duration,indicos,pt42,0.2394038192827201,0.3046110852352119,0.19263204616067467,0.31380381713271194,0.21545454545454545,0.3093181818181818
19,-0.095605461381798,-0.04029320709967947,0.009712040572184569,-0.0035322279691697117,0.021915971241622433,-0.003196942452378145,-0.004586282815365981,0.01048078497624675,-5.543808719957109e-4,8.97412334527907e-4,gaze_duration,indicos,pt44,0.09062218214607755,0.36158701532912535,0.0705186533212011,0.3976342129208371,0.0806159420289855,0.3795289855072464
20,0.04360120659660972,-0.02283454815575569,-0.008430257967972947,-8.836080371551298e-4,-0.015652435524006327,0.0022654616643918764,0.00146576437124151,-0.022129485137386506,8.338129035890825e-4,0.0016287849491502466,gaze_duration,indicos,pt45,0.12296227293898462,0.44014904517931996,0.10418562329390355,0.451319381255687,0.11346375143843498,0.44579976985040276
21,0.026969524617593364,-0.011039805149189329,-0.015268934197762164,7.66278404241475e-4,0.03793715330262476,-0.015026776088265087,-0.0030577039381995417,0.030319043812448696,-0.006091223313614289,-0.0021495059645137825,gaze_duration,indicos,pt46,0.21152073732718893,0.4055299539170507,0.16811726981218506,0.4764086120018323,0.18975419251091202,0.4410751206064783
22,0.12064510202644492,0.04329376711309394,-0.028997412370589472,-0.002543359017037678,0.018653480343957928,-6.0542283162825345e-5,-0.002578140169046824,0.024304336722153454,-0.012467189325522914,-0.004686319154281687,gaze_duration,indicos,pt48,0.0938945420906568,0.18177613320999075,0.0752638825149151,0.17898118402937127,0.08454273208938033,0.18037318590186593
23,-0.17735119567827146,0.003952147848201424,-0.001958314561365054,0.0017396856792839823,-0.007717606618188608,0.008556689301401741,0.0029213253233069205,-0.024450870425492394,0.0024666020294790147,0.0026454779372669223,gaze_duration,indicos,pt49,0.10224667583677212,0.3585511233379184,0.08772707133362871,0.35578201151971645,0.09486255069851285,0.35714285714285715
24,-0.12392286206248265,0.04545261910646005,0.022435481593997223,0.002824061697158833,-0.0063073984601528365,0.003965435714848774,0.002448271508800473,-0.034513865431296295,-0.00737225136535947,0.00219361475881722,gaze_duration,indicos,pt50,0.12146118721461187,0.23835616438356164,0.09735307312696276,0.25257963212202783,0.10930074677528853,0.24553066304593799
25,-0.06037709944952836,-7.953495541372637e-4,-0.0351476435563929,-0.008041242019610498,-0.020862362886004477,0.004325926582720549,0.0019233353937410252,0.002339900375161399,0.012662345706489346,-0.002389230591110354,gaze_duration,indicos,pt51,0.1417844522968198,0.3763250883392226,0.1313364055299539,0.37649769585253456,0.13667117726657646,0.37640956247180873
26,-0.006994646153156454,-0.016283677947579324,6.246320312485767e-4,1.8920037963337857e-4,-0.009566894205533388,0.00433659855022072,2.0818150308224615e-4,-0.01699820065702414,0.004111204051215068,0.0016648754593538376,gaze_duration,indicos,pt52,0.13359964491788726,0.3297825122059476,0.1355245384961729,0.3340837460603332,0.13455520786767994,0.33191774698256593
27,0.11420527137261485,-0.07957022548829426,0.009924013439053426,0.0016493173074522383,-0.025713352384123648,0.0046340377892971135,9.179035877622636e-4,-0.011573822078649784,0.014329048341726516,0.004019000094290414,gaze_duration,indicos,pt53,0.12021371326803205,0.41718610863757793,0.10639269406392694,0.39223744292237445,0.11339044183949504,0.4048692515779982
28,-0.3216013451312762,-0.023691306698881257,0.0011415458122708486,0.0011954792355576322,-0.0030379765191381374,0.01277641197044912,0.0039022553248944498,-0.03207779433268308,0.008316925815610728,0.0035464906410242387,gaze_duration,indicos,pt54,0.12396313364055299,0.404147465437788,0.10139075818752805,0.4257514580529385,0.11252557399408956,0.41509433962264153
29,-0.1409416906715282,-0.036160691278326926,0.016611654806750545,-0.0014218148499502157,-0.008825954163597398,0.004619980064078486,0.0020044555997210567,-0.0012504442342689448,0.002315284975362396,0.0012377297820347969,gaze_duration,indicos,pt55,0.17918552036199095,0.4429864253393665,0.19201435621354868,0.48721399730820997,0.18562739355710745,0.46519486370804236
30,-0.08982263633816316,-0.022418942539957104,0.0077056479833309335,-0.0012779638234483742,0.0015237753346042432,0.020133839652762775,7.751183702849248e-5,-0.00854861445415229,0.00783789403562994,0.004743665260586612,gaze_duration,indicos,pt56,0.10856886496186631,0.3624943921040826,0.10975056689342404,0.3419501133786848,0.10915651781686965,0.3522778529544429
31,-0.04685350800906036,-0.025690669250834304,-5.457241553791999e-4,5.661236695721401e-5,0.02762383629353322,-0.005206819978186889,-0.0011396905986968563,0.012532005948534717,-0.011576108361392919,-0.0014811702825963278,gaze_duration,indicos,pt57,0.2475512021371327,0.3717720391807658,0.23835616438356164,0.3310502283105023,0.2430117222723174,0.35166816952209196
32,0.10721904987800428,-0.05389422857226209,-0.00686331169857438,0.008044114938694702,-0.011602754864950014,0.0037748051833725914,8.189265606782475e-4,-0.012960045138175346,0.010274786310667902,0.003619690441439034,gaze_duration,indicos,pt58,0.04755495737999103,0.4679228353521759,0.038580931263858094,0.47671840354767187,0.04304192685102587,0.4723461195361285
33,-0.08939562913725825,-0.05446080005825003,0.030143582678901947,0.006745073340957806,0.009628427473299497,0.005696081426925997,-0.0021194231214310346,-0.0029595781583626694,0.01451466889969021,0.0066141999178180155,gaze_duration,indicos,pt59,0.2095109914759982,0.42709735307312696,0.19337016574585636,0.4558011049723757,0.20154510338559417,0.4412633492388094
34,0.13549334883000747,-0.0528907421263373,0.008215931637421861,0.0033497960599416475,-0.002489552985634976,-0.00893916563786525,-0.002355537556039491,0.020954880700983055,8.118089467067126e-4,-0.002347696586267319,gaze_duration,indicos,pt60,0.14796819787985865,0.3418727915194346,0.17076566125290024,0.37354988399071926,0.1590857660104096,0.3573206607829826
35,-0.12673159443437845,-0.010347719880072768,0.0022979299457773425,-0.0026576804161928566,-0.013038402502791405,0.016755540726565186,0.003753121924889536,-0.029681930140478527,0.002244517813966272,0.004321408307280831,gaze_duration,indicos,pt61,0.15355805243445692,0.42743445692883897,0.15716829919857525,0.43365983971504896,0.15540848927430398,0.43062528525787314
36,-0.21866999072376309,-0.019804636260719308,0.01685565332719417,-0.0036265927053149645,-0.014892478064742448,0.007815014078667698,0.004840542923682021,-0.007912349628709563,-0.0038001108755702354,0.0012884952049562538,gaze_duration,indicos,pt62,0.13514739229024944,0.34829931972789113,0.12575406032482597,0.3763341067285383,0.1305045871559633,0.3621559633027523
37,0.07579870736812727,-0.021741331641501934,3.7505372933302e-4,0.004816519583192458,0.03452641443298126,-0.012359830105633539,-0.004949836688724699,0.029838197324705003,-0.004629928119451808,-0.0013410675802256432,gaze_duration,indicos,pt63,0.18710550045085664,0.3385933273219116,0.19017857142857142,0.37410714285714286,0.1886496186630776,0.3564378645132346
38,-0.002265123187473473,0.04198624587170407,0.0023509135840734372,-0.002009699108433218,0.026167689074225814,-0.00785326155363688,-0.0040157562995312155,0.0224113724069305,-0.0120331357243503,-6.575228959546361e-4,gaze_duration,indicos,pt64,0.1408903166590179,0.2312987608994952,0.14514692787177205,0.21816562778272486,0.1430508474576271,0.2246327683615819
39,-0.11588358599128924,-0.021556778041114853,0.006090656610064014,-1.935525263704244e-5,0.027168603708577474,0.007080130373743192,-0.0022107599721116586,-0.01580375300660767,0.014727527353769015,0.0036685412480922013,gaze_duration,indicos,pt65,0.23243992606284658,0.4390018484288355,0.14598214285714287,0.48526785714285714,0.18846503178928248,0.46253405994550406
40,0.04199077485159471,-0.01861004253193584,0.0055623734496249065,-0.001022322614753308,0.02495349584017031,-0.00582235092599209,-0.004955760670906107,0.035695321691257054,-0.020732426521383608,-0.0032358370687023434,gaze_duration,indicos,pt66,0.1788354898336414,0.3433456561922366,0.16961451247165532,0.33015873015873015,0.17418173495078965,0.33669031815060657
41,-0.0915192842091106,-0.04359001387272658,0.025913816740368308,0.0013924324582411946,0.01991745232901985,-0.001674732067499652,-0.0021246208100041825,0.018903602199672423,-0.01610115063556338,-3.4785429174711874e-4,gaze_duration,indicos,pt67,0.12727272727272726,0.293569844789357,0.1442741208295762,0.29486023444544635,0.13570310753409345,0.2942097026604069
42,-0.23197352704120083,-0.060241935694774415,0.0020830391843232603,-0.00859265700305371,-0.006072712804219358,0.006910481566516289,0.003482638356623633,-0.03384135423974586,-0.006138495428996836,0.001240636797979429,gaze_duration,indicos,pt68,0.08436395759717315,0.5295936395759717,0.0746132848043676,0.502729754322111,0.07956073509636934,0.5163603765127746
43,-0.15657409014741522,-0.04151984850963994,-0.016102346011715576,3.116715545759322e-4,0.011567954908147746,0.008100779044278158,-2.9266772203310283e-4,0.006742733458349718,0.009131020900183247,0.0037233557713024926,gaze_duration,indicos,pt69,0.13980409617097062,0.4056099732858415,0.12941696113074205,0.39840989399293286,0.13458980044345897,0.40199556541019954
44,-0.17474707015439675,-0.017551298131574425,-0.016397986211725404,-2.2042846273529637e-4,-0.008256682467046481,0.011768034517706262,0.004010159192362186,-0.006582962795759084,0.0020527222562597763,0.001517456840005792,gaze_duration,indicos,pt7,0.1454299864925709,0.37640702386312475,0.1426648721399731,0.3777478689995514,0.14404494382022473,0.3770786516853933
45,-0.20029827828299424,0.033472902559465674,-0.012742440994096337,-0.009669674326465311,-0.032243223068037015,0.03529103383365688,0.008306090236495109,-0.04954853238730839,-0.007604303094172459,0.004275765766813677,gaze_duration,indicos,pt70,0.12068192014356213,0.34589502018842533,0.12597343105817682,0.4095281722400366,0.12330009066183137,0.37737987307343607
46,0.00441402539061242,-0.03151477525463355,0.01873435824243447,0.015676275566731523,0.019932583843550483,-0.008745784198393435,-0.003462153477321654,0.019061688403631927,0.0020974011716771842,0.0021769339852471124,gaze_duration,indicos,pt71,0.06596906278434941,0.2716105550500455,0.06600086843247938,0.2826747720364742,0.06598533659186848,0.2772717173961342
47,-0.025795521265858733,-0.017634386409323157,0.003901129449254322,0.002544355464685185,0.011418091790862329,-0.0015782982306393983,-4.079728765587075e-4,-0.007639151230348546,0.0015750043132775316,0.0022221377871014998,gaze_duration,indicos,pt72,0.09554140127388536,0.35850773430391264,0.09144676979071883,0.34576888080072793,0.0934940855323021,0.3521383075523203
48,0.008851729326837391,-0.02774750008323774,0.03169670949289029,0.01457615948378977,-0.02971439386270344,0.028122125799826033,0.00615570858321516,-0.05289071998238412,0.013499404399960783,0.009864278263585815,gaze_duration,indicos,pt73,0.13348214285714285,0.38839285714285715,0.12805429864253393,0.36561085972850677,0.13078651685393258,0.3770786516853933
49,-0.024531551647217237,-0.0655769717501884,0.002633988994649899,0.003918344428857687,-0.02142322413347665,0.0031413783974818957,0.0025105190807410962,-0.02054780378276579,0.00982217570226533,0.0025400285437299336,gaze_duration,indicos,pt74,0.10357142857142858,0.3986607142857143,0.09046345811051694,0.3787878787878788,0.09701159678858162,0.38871543264942016
50,-0.23611156649139242,-0.03318883428821353,0.03874538337593773,0.0013227441603536787,0.0025029592234923647,0.0012675374556415915,3.7123459319687196e-4,-0.0017655031326018684,-9.265076948835354e-4,0.0022371824956429523,gaze_duration,indicos,pt75,0.10236578707916287,0.3994540491355778,0.1294663573085847,0.40556844547563803,0.11578221915920055,0.40248104755341146
51,-0.21096633562873396,-0.058864172090344245,-0.008794657405101006,-0.007336162299064098,-0.0017046491002480032,0.0031129902544121783,0.0014144175257919073,-0.018639989261821407,0.001192027679412345,0.001196310277128241,gaze_duration,indicos,pt76,0.08244061481136469,0.44946436888681884,0.052607709750566896,0.4888888888888889,0.06732536764705882,0.4694393382352941
52,-0.2157775541722933,-0.006811784428097791,0.014156320044413737,-3.8000822344768287e-4,0.00976220050303807,7.802603538740135e-4,-4.500924308240341e-5,-0.010213555486367949,0.005540233896675521,0.003441866039923558,gaze_duration,indicos,pt77,0.10677891005759858,0.34514842711564026,0.14101382488479264,0.35391705069124424,0.12355997289360741,0.3494465778179354
53,-0.1186233920913354,-0.0346670678307957,-0.00793911946164744,-7.775081917134018e-4,0.012336302646574532,-0.0012753499061942443,-0.0013969379853217534,0.006332833820944433,-0.0017161645228349312,4.547652027337536e-4,gaze_duration,indicos,pt78,0.09791183294663573,0.3689095127610209,0.10730186999109528,0.3744434550311665,0.10270393092478983,0.37173369688707114
54,0.06733545224518092,-0.011149752392173896,0.014143056298119181,0.008381157103346009,0.007095065627981973,-0.006573767635404577,-0.0014833374008487467,-0.006121337902757439,0.008559482421963235,0.001914259107965805,gaze_duration,indicos,pt79,0.05754060324825986,0.3071925754060325,0.12025316455696203,0.2765335929892892,0.08814445236398194,0.29223093371347114
55,-0.0016918559796722827,-0.02004018878722252,0.010418917150993218,-0.0042199441572810205,-0.00888495446290321,1.1690723444575354e-4,-3.589493128027265e-4,-0.006351970985960618,-0.008220856769362999,-0.0014226175835743385,gaze_duration,indicos,pt80,0.10643015521064302,0.4212860310421286,0.10641139804096171,0.42030276046304543,0.10642079537880471,0.4207953788047101
56,0.1670911744523015,0.028494538292924372,-0.01898387592632282,-4.7859465426236926e-4,-0.020173005594587574,0.004646901501072784,0.0019728101048624197,-0.031992753391851016,0.0030186230510070677,8.902233888443764e-5,gaze_duration,indicos,pt81,0.09861751152073733,0.3175115207373272,0.10139075818752805,0.3858232391206819,0.10002273243919073,0.3521254830643328
57,0.5668031319991843,-0.11165825432055781,0.024043374298719184,0.010574448744562126,-0.039430489433557016,-0.004501821931957818,-0.003176885204479403,-0.016262898589609637,0.014610018859535194,0.0016973517135449275,gaze_duration,indicos,pt82,0.03234750462107209,0.7513863216266173,0.059219380888290714,0.6823687752355316,0.045982244479854315,0.7163669474163442
58,0.2391051926024662,-0.03506012106113776,-0.001472785169430623,0.001979847624901525,-0.034356516037612826,0.0075477793404836804,-5.4791118690498e-4,-0.033791473956504066,0.020355538901570214,0.003786069791874332,gaze_duration,indicos,pt84,0.1312528682882056,0.36438733363928405,0.10271493212669683,0.4090497737556561,0.11688311688311688,0.3868762816131237
59,0.05267418174444466,-0.05371451536371436,0.021961657477635278,0.008230470804099502,-0.0030005440990731667,-0.009071392829091904,-4.7100709999052054e-4,-0.0359256453742848,0.00896061338873165,0.004404703633720001,gaze_duration,indicos,pt85,0.09857863365428703,0.32737276478679506,0.11307420494699646,0.3710247349823322,0.10596175478065242,0.34960629921259845
60,-0.016243954161535807,0.023961869999556292,0.020192684389287518,0.0042535468311527625,-0.03365145574010012,0.014430749226988247,0.0044224978787133894,-0.018225265145172045,0.0029902101125898538,0.0017775888701915543,gaze_duration,indicos,pt86,0.10702947845804989,0.27755102040816326,0.09547511312217194,0.29366515837104074,0.10124575311438279,0.2856172140430351
61,0.010405792359856747,0.022335705788504884,0.0131859196250871,0.0038262081045501517,0.014620667390586234,-0.01145688523888447,-8.912988066023718e-5,-0.0034071961518938047,-0.0014813511951982544,-3.862364206123722e-4,gaze_duration,indicos,pt87,0.11809954751131221,0.3416289592760181,0.12140008861320337,0.3274257864421799,0.1197671815536154,0.33445265278710545
62,0.22751651419880983,-0.0018700401888131332,0.005492766949010724,-0.0039968783433422285,-0.04165015017383995,0.010188792077278337,0.0025492412570898553,-0.04189127124583753,0.007051710678168308,0.0028149169807352406,gaze_duration,indicos,pt88,0.12157918349035442,0.34589502018842533,0.11871318531943816,0.3828726778432261,0.12015329125338142,0.3642921550946799
63,-0.15482124646577858,-0.022029390397475958,-0.01278733275852718,-0.005696848244665216,0.00656602362807592,-0.002780922152260286,-4.380794311488502e-4,-9.07168764534927e-4,0.0017922590842720037,0.0016703634988631442,gaze_duration,indicos,pt89,0.12217194570135746,0.31131221719457014,0.10593607305936073,0.32602739726027397,0.11409090909090909,0.31863636363636366
64,-0.1373401869602976,0.01875959083815357,-0.00564504842267047,0.0088587788482717,0.020676449283681696,-0.008146370873193129,0.0018877913501423927,-0.005830653991454872,-0.008025409723304653,1.3700220880329518e-4,gaze_duration,indicos,pt9,0.11076091850517784,0.32868077442593424,0.09152086137281291,0.3292956482727681,0.10112359550561797,0.3289887640449438
65,-0.22828921973599195,-0.00828156563626627,0.010012344064836873,9.713908087679084e-4,0.023230936154643098,-0.0035286811278520676,1.4750090069376936e-4,0.03226002029766225,-0.0202106005606139,0.0012699495453695755,gaze_duration,indicos,pt90,0.05565449688334818,0.20169189670525378,0.05123674911660778,0.2146643109540636,0.05343680709534368,0.2082039911308204
66,0.045753836343003,-0.025267106332291917,-0.008500121800645856,-0.007435417217340723,0.0031041901454942795,0.005260625546016551,0.0015089377238325105,-0.00992850703665032,-0.005985718458597113,5.235610632776058e-4,gaze_duration,indicos,pt91,0.05689176688251619,0.24051803885291398,0.03462050599201065,0.49489569462938304,0.04552661381653454,0.37032842582106457
67,-0.11185549921789134,-0.04235546750571606,0.038540368035945634,0.007696265179725777,-0.013603153954312077,0.00662240965443137,0.0036386087803139656,-0.02371628086595605,0.011257067454430364,0.004747274625512699,gaze_duration,indicos,pt93,0.11484970838941229,0.392552714221624,0.13262964662689308,0.40247820100963744,0.1236388384754991,0.397459165154265
68,0.07773360611471404,0.023680927440949164,0.004937763112165642,-0.0031422234145659514,0.03442173560594637,-0.014665994498139932,-0.00416707286893397,0.025934729923161957,-0.011321473636704707,-0.00557397028086688,gaze_duration,indicos,pt98,0.17829806393516434,0.26564610535794686,0.15268225584594222,0.27785419532324623,0.1656065424806906,0.2716946842344389
69,-0.12716690349117812,-0.013302750271400534,0.02209530697371211,0.005465106083542332,-0.0022382985282749517,0.008074197469182778,0.0032273572317199927,-0.03811122786166629,0.008329855194805972,0.005311870172184209,gaze_duration,indicos,zh1,0.09623059866962307,0.3441241685144124,0.10017809439002671,0.37088156723063226,0.09820039991113086,0.35747611641857363
70,0.08473523769206245,-0.026450262603666817,-0.006765841771201069,0.003192930140205854,0.04392286237267113,-0.024684249588315013,-0.007300214220694501,0.024542949881470842,-0.0049506535501688586,-0.0033161395775252746,gaze_duration,indicos,zh10,0.11395244504262,0.26155226558995065,0.09300184162062615,0.26795580110497236,0.10361281526925699,0.26471256532606224
71,-0.0025911497467893826,-0.02855130724068144,-0.004765308717176237,-8.720893959141752e-5,-0.008113918723482397,0.006418988153525416,-1.1115477441445116e-4,-0.016907934245671212,3.573102889054341e-4,0.003717203327358154,gaze_duration,indicos,zh11,0.015779981965734897,0.3814247069431921,0.013170731707317073,0.34585365853658534,0.014526710402999063,0.3643392689784442
72,-0.16288561574325564,0.042656607898684494,-0.003206142794387565,-0.0011044607110451065,0.01779641324130421,0.0025134065833668463,-0.0014457723728456063,-0.007808936452415305,0.020064132036914553,0.0011027228730041154,gaze_duration,indicos,zh12,0.15210643015521064,0.30598669623059865,0.16464782413638404,0.3360251233737102,0.15834076717216772,0.32091882247992864
73,0.20769418293729022,-0.020329990379412948,0.008804600709250583,0.0032110564958075386,-0.04129599621044784,-0.0030462263838344065,3.20134696146585e-5,-0.0158927886883304,0.0187069486143554,1.7030548184762424e-4,gaze_duration,indicos,zh13,0.07985643786451324,0.3813369223867205,0.09613656783468104,0.4025157232704403,0.08527827648114901,0.3883901855176541
74,0.12937992610896457,0.08427555931695435,-0.010006541576757965,-0.0040662759310782625,0.014934235382048987,-0.015277939881366569,-1.9279433633653887e-4,0.026181226657629574,-0.016702023569314165,-0.006684548431743778,gaze_duration,indicos,zh14,0.0677433826828174,0.23059668012561688,0.06928838951310862,0.1540262172284644,0.06849942726231387,0.19312714776632303
75,0.21059860342088024,0.05827037640686286,-0.023799473382805084,-0.006795627730658228,0.011030549844618967,-0.019420918778697047,-0.004258136540970639,0.010063217058561391,-0.020981284931845805,-0.008432878059918764,gaze_duration,indicos,zh16,0.14984297891431134,0.27231942575145807,0.14823313446535108,0.2973841211564938,0.14904718693284935,0.28470961887477314
76,0.015373420761752361,0.062369556640632276,-0.010041470566385614,0.001890947323034361,0.04687632823885614,-0.008330332928338943,-0.0032617551378030544,0.01458425197778582,-0.0043078106267086915,-0.0017961314344744008,gaze_duration,indicos,zh18,0.14368070953436807,0.26297117516629714,0.1580587711487088,0.2715939447907391,0.15085536547433903,0.267273939124639
77,-0.08815097992344623,0.039907426175899874,0.03029050664860817,-0.0014564293244983776,0.031690462728775924,-0.005870257644628465,-7.855801608214338e-4,0.014331051288100336,-0.023957401883602757,-0.001134482222123928,gaze_duration,indicos,zh19,0.12594235033259424,0.26962305986696233,0.12009132420091324,0.2356164383561644,0.12305961754780652,0.2528683914510686
78,-0.09483638859936282,-0.07189788448539385,0.029802050141511313,0.001709210466861016,0.0075808082436330864,0.0019354274554055498,-0.0013438646541241775,-0.007821075675898726,-0.007129421189292213,0.0026828616270855097,gaze_duration,indicos,zh2,0.08802980903586399,0.44294364229156963,0.11282283642954237,0.39465337562301767,0.10059715204409739,0.41846577859439593
79,-0.06773512578008994,0.009634218983267067,-0.005174257557555131,6.131040383173134e-4,0.017126481443985913,-0.007557911155636266,-0.0019562061914405247,0.015517111456779871,-0.008972566206181677,-0.002784735881234119,gaze_duration,indicos,zh20,0.06188780053428317,0.195013357079252,0.05323542909591556,0.21156493804497475,0.0576271186440678,0.2031638418079096
80,0.294901466756633,-0.05278818438506215,-0.009942197742784951,0.0017468786621229464,-0.07656355609976567,0.012436964484688362,0.0026983693784032262,-0.023381082918829725,0.026632485736046884,-5.154262360236953e-4,gaze_duration,indicos,zh21,0.050997782705099776,0.6,0.09304467987102717,0.4325195762321511,0.07162223226389516,0.517849073655671
81,-0.2811740016078952,0.0028323325831035476,0.018738824130476388,-0.0023021336113954027,0.016842188546104586,0.006458772639187683,4.986383308779328e-4,-0.021062928081473867,-0.0045926378318351755,0.003124838605062865,gaze_duration,indicos,zh22,0.12600178094390027,0.40783615316117544,0.1446629213483146,0.38108614232209737,0.13509812870835236,0.39479689639434046
82,-0.05310226579263799,-0.03136329577961902,0.01462621785730254,2.540373297912261e-5,0.014463574159737114,0.0030306682017843833,-0.004042182703270689,-0.00567815261074844,0.012744735600477,0.0030148631292130274,gaze_duration,indicos,zh23,0.14777420835245525,0.4359798072510326,0.10759198882161156,0.5463437354448067,0.127831715210356,0.4907535829865927
83,0.0071990912496399315,0.016279794175187812,-0.015995655485993104,0.005527245171371612,0.015152242487635118,-0.00989718531681322,-0.0014933979086697924,0.014478792255121121,-0.003280066791656523,-0.003725036209192039,gaze_duration,indicos,zh25,0.11707317073170732,0.25942350332594233,0.12173128944995491,0.2696122633002705,0.11938296445338699,0.2644757433489828
84,0.07381380401571222,0.013722220801103897,-0.011501445731812308,-0.0029601059233267018,-0.004247563333353256,0.006552308153789241,4.759211483623996e-4,-0.021268672361139166,0.0024427601164681233,7.345132813776379e-4,gaze_duration,indicos,zh26,0.04474885844748858,0.4041095890410959,0.046153846153846156,0.3927601809954751,0.045454545454545456,0.39840909090909093
85,0.17732348679406343,0.08849640069215528,-0.03284320272856039,0.0018534835278763804,-0.02810633541758985,0.010373550716635321,0.0031218816309149266,-0.013832749655979073,0.011006378697848276,-2.5341741916166606e-6,gaze_duration,indicos,zh27,0.09534368070953436,0.2394678492239468,0.09305431878895815,0.23597506678539626,0.09420128860253277,0.23772495001110863
86,0.20425109016695514,0.025332287458878344,-0.0038554637544099494,0.007900420637511622,0.02741675481938043,-0.006094941584432272,-0.006513702217550413,0.04203444163548516,-0.009429106124117551,-0.00560829003749676,gaze_duration,indicos,zh28,0.0908675799086758,0.217351598173516,0.0799445471349353,0.1377079482439926,0.08543867707854846,0.17776757005052826
87,0.21359195065797873,0.1278056720595717,-0.02655215513373293,-0.00351978289483965,-0.04058618005378873,0.006033529379689687,0.007534100861220404,-0.03909536223946034,0.011871999330315828,-0.0021681514008143957,gaze_duration,indicos,zh29,0.12352941176470589,0.20588235294117646,0.10819521178637201,0.23480662983425415,0.11592879963486992,0.22021907804655408
88,-0.10366662605566727,-0.0019256381474510613,-0.0026676298560256236,-0.002755349496831003,0.013008268694427559,-0.004471457505944337,-1.5021283115413579e-5,-0.01165766340015674,-0.0026847854412007234,-0.0017477847805469667,gaze_duration,indicos,zh3,0.22247394653375624,0.46669687358405076,0.19116321009918846,0.5040577096483319,0.20677966101694914,0.48542372881355933
89,0.24310173671316385,0.1762743075010698,-0.053485471094651016,-0.009471633700743625,0.009367220485126544,0.002004682122201076,0.0019743993411989375,-0.0031285899014946157,-0.008862625886108758,-0.007323927186909341,gaze_duration,indicos,zh30,0.10288248337028826,0.11796008869179601,0.10693248753964658,0.1495242410512007,0.10488570147915732,0.13357238906320035
90,-1.1842450705469839e-4,-0.0037757844679356307,0.0299444494200367,7.015593131668019e-4,0.024606393559389903,-0.008579159534068702,-0.0017437000125790935,0.00565317358538993,-0.012505571604988351,6.255779500968796e-4,gaze_duration,indicos,zh31,0.1583148558758315,0.3392461197339246,0.15380811078140455,0.3135509396636993,0.15618424129062428,0.3270984334814122
91,-0.009999108920165882,-0.06882165543145856,0.006481238185318191,0.003427681300214757,0.017825145829591566,-1.5058807135981376e-4,-0.004773307204556429,0.008124689334549637,0.010997289285384636,0.0021420116487760985,gaze_duration,indicos,zh32,0.1137290439510648,0.4105120072496602,0.10159176029962547,0.4101123595505618,0.10775961317061938,0.41031545014966614
92,0.04528084273323166,0.014787000721925684,0.010386056769772922,0.006567530917512065,-0.016866688565635283,0.0020955130744426814,0.001843898467658874,0.0015952239785644116,0.002171888773459023,3.84476078834827e-4,gaze_duration,indicos,zh33,0.04301552106430155,0.30687361419068737,0.06707033069399161,0.24918490917559386,0.05474784189004998,0.27873693775556563
93,0.02861214918761545,-0.03247395215772195,-0.004180317376370199,4.0262053320978456e-4,-0.026844641244481413,0.010023854259246066,0.0027618637745261496,-0.02233616458293371,0.0076563018053643,0.00198806479693113,gaze_duration,indicos,zh34,0.08914027149321267,0.4158371040723982,0.10997679814385151,0.41809744779582364,0.09942726231386025,0.41695303550973656
94,0.029180178206015765,0.012924634562430206,-0.004286155171650061,-1.4583158910815727e-4,-0.034739328935614974,0.013234759040680865,0.003681167708005536,-0.05278395595808145,0.02051339171932751,0.00566499775502968,gaze_duration,indicos,zh35,0.10580046403712297,0.30533642691415314,0.116289592760181,0.29683257918552036,0.1111111111111111,0.30103092783505153
95,-0.02178504280214918,0.009733401673142213,0.0020364041919277245,0.006456045778131844,0.03931900610071302,-0.009643459842528804,-0.002815123365142891,-0.003730960652158564,-0.003946115172330274,0.0018420528266282312,gaze_duration,indicos,zh36,0.06651053864168618,0.3016393442622951,0.049723756906077346,0.2978821362799263,0.05804504295333179,0.2997446018110053
96,0.19951225934380323,0.04064188671223751,-0.019617166595907558,0.0026176911270207855,0.024751136437686755,-0.011494655543571786,-0.004458925097627833,0.01775296529838102,-0.004825359762814231,-0.0029552365424222946,gaze_duration,indicos,zh37,0.10953436807095343,0.20532150776053215,0.09672961768770152,0.18424689083371718,0.10325350203343878,0.19498418436511522
97,-0.11767460191642616,0.008705326548107154,-0.029432102416885233,-0.0030346308695090177,0.022974517202791662,-6.546053648931943e-4,-9.217787016683178e-4,0.016708697195103955,-0.008108082496444484,-0.0018961277191642141,gaze_duration,indicos,zh38,0.06261510128913444,0.3236648250460405,0.06877828054298643,0.27647058823529413,0.06572341396622547,0.2998630762209037
98,0.27586614597087805,0.010673217460670572,-0.0015478121574690022,0.007840128557465617,-0.08763323660373447,0.023590794346942077,0.008585597831621161,-0.08295941356432311,0.03045503929803907,0.004582891643250713,gaze_duration,indicos,zh4,0.05961807172799255,0.3688868188169539,0.08414959928762245,0.346393588601959,0.0721602549510585,0.35738675165035283
99,-0.20423862465944376,-9.346320705844338e-4,0.007357849216858321,-0.0021059112503824104,-0.006019252536690362,0.00772671472257648,0.0019171185834392307,-0.008750781285842127,0.016822563576061482,0.0034966882305532765,gaze_duration,indicos,zh41,0.09054593874833555,0.40967598757212603,0.08244061481136469,0.42198416394969723,0.0865909090909091,0.4156818181818182
100,0.030672672115952634,0.12412882505186298,-0.028351789114200925,-0.0014000952020616028,0.01828511929026251,-0.007597896948530843,0.0018709524087240426,0.011766357356249103,-0.006298196756791107,-0.004845850891648113,gaze_duration,indicos,zh42,0.06538637402834933,0.12528577960676726,0.06264501160092807,0.14524361948955916,0.06402579456471671,0.13519115614924
101,0.016630274862161634,-0.05234884836987568,-3.9285963550560947e-4,-0.003482904538027978,-0.02550226818423671,0.012929246308562587,9.024221842306868e-4,-0.01149650597169911,0.005639297174310194,0.0022631639653648795,gaze_duration,indicos,zh43,0.129490022172949,0.4563192904656319,0.15312916111850866,0.4403018197958278,0.14130434782608695,0.44831410825199647
102,-0.10606004007618806,-0.023739479761270367,0.01678823908660005,-0.001264925683974475,0.02467123724427495,-0.010378650679534107,-0.0027941445777092465,0.026568174755512732,-0.008762481270911178,-0.0035501052523075668,gaze_duration,indicos,zh46,0.11600928074245939,0.33271461716937356,0.13529411764705881,0.33167420814479637,0.12577319587628866,0.3321878579610538
103,0.025841054080540604,0.010354819957756676,-0.013960748261672172,-0.0066037261219195325,-0.01278168260070312,0.0022587216161815645,0.0020622348130369017,0.011401149621500142,-0.0032235763972284074,-0.0028704340939041725,gaze_duration,indicos,zh47,0.045310376076121435,0.35251472587222477,0.05475113122171946,0.26380090497737557,0.05003395970115463,0.3081276884763414
104,-0.08072958439475626,0.04359524914758509,-0.02196293129920334,-0.0038108378369640303,-0.003648194806962033,0.017424162273618926,0.004369690040728593,0.00213444888602933,-0.00741410526221691,0.0011451329872345457,gaze_duration,indicos,zh49,0.12239467849223946,0.3450110864745011,0.12093449381584975,0.33394411360513054,0.12167643082469581,0.3395673726904011
105,0.007434662756961655,0.08145506549705901,-2.7561083199141047e-4,0.002818685186022169,0.03190016306644357,-0.004771450197968574,-0.0013163717651271194,0.02184510608203424,-0.013116116244645905,-0.0011060268956027588,gaze_duration,indicos,zh5,0.17310376919497442,0.28617961842717543,0.18738489871086556,0.2882136279926335,0.1802823420504513,0.28720203656560983
106,-0.10234138516093386,-0.023598005343270997,0.01678056716820451,-0.0058950263936590605,0.004198951599038673,0.001231194025518526,-1.6535749084422157e-5,-0.0076622282950583155,-6.456483814447888e-4,9.653452992397548e-4,gaze_duration,indicos,zh50,0.06561085972850679,0.3742081447963801,0.058932714617169375,0.3805104408352668,0.06231386025200458,0.37731958762886597
107,0.1177187537862424,0.008728814887413366,-5.561834169387327e-4,0.003954647479744088,-0.01593649464928696,0.003079326139912524,0.0018734277511591468,-2.7951728802064424e-4,0.005927113379265862,-0.0020271620997057978,gaze_duration,indicos,zh53,0.1220073664825046,0.40193370165745856,0.1319634703196347,0.34885844748858447,0.12700596056854654,0.3752865657955066
108,-0.14412095234656955,-0.0023850919112740074,0.0015016747035346382,8.048171187433654e-4,-0.004757032355844035,0.006208680098836357,0.002251559106367469,-0.007993744027570443,0.0025375102697300007,3.263920385542339e-4,gaze_duration,indicos,zh54,0.055875831485587585,0.33658536585365856,0.06287287746672786,0.3414410279944929,0.059314388813712225,0.33897158322056836
109,-0.034711363788963306,0.07689827151769162,-0.003738333740541186,4.5362423807318814e-4,0.014154416026502602,-0.0013346466450178363,0.0013322635872662354,0.012249995660075085,-0.009567698127653321,-0.003320936147452903,gaze_duration,indicos,zh55,0.082039911308204,0.17960088691796008,0.06423290203327171,0.32624768946395566,0.07331975560081466,0.2514143471373614
110,0.34537607119101615,0.09018437201030821,-0.05362271759434316,-0.0028345068472401696,0.030160856100295626,-0.015078654227656103,-0.005314964573593766,0.03572383142403225,-0.016413002872968024,-0.006494640317963328,gaze_duration,indicos,zh56,0.1252868288205599,0.1720972923359339,0.10352725606962895,0.20751259734310581,0.11439706556625401,0.18982118294360384
111,-0.6483043051340651,-0.06617873654002861,0.04054087573903822,-0.004098827817520459,0.046138335944078054,0.024392717976093933,2.9803823876604457e-4,-0.036287503931856625,-0.00828300604719721,0.00994721808437655,gaze_duration,indicos,zh57,0.12416851441241686,0.31751662971175165,0.03574660633484163,0.6633484162895927,0.08040313549832027,0.4886898096304591
112,0.23338837770413465,-0.043593561967685955,0.0015624729948456944,-0.0012885961417033972,0.012498947296344758,0.004597108789083617,-0.004092696844838929,-0.016390375926515526,7.805645993017186e-4,0.0028375564061395627,gaze_duration,indicos,zh58,0.11243689765947683,0.33088572739788896,0.091273374888691,0.333926981300089,0.1016949152542373,0.33242937853107346
113,0.04200221442582495,-0.051551923083215656,0.0027104642215702987,-0.006417128406554464,-0.0034007199207015475,0.004386476777359295,-0.001207032379739763,-0.002668177819154356,0.003775822287678642,0.001894973871932165,gaze_duration,indicos,zh59,0.1592920353982301,0.48393106660456453,0.16874443455031166,0.47684772929652713,0.16412474391076712,0.4803095834281812
114,-0.023114316713220548,0.05448635914457292,-0.014184811129308713,0.001233980892902221,0.023033316111337975,-0.007856421597653627,-0.0010327546986368234,0.02029732981580188,-0.008595772539478472,-0.004769332330397834,gaze_duration,indicos,zh6,0.07184035476718403,0.2771618625277162,0.04928604329801935,0.2597881160755412,0.06077722548576593,0.26863985539990964
115,-0.19268436254526938,0.006949988435903643,0.01063131762777859,-0.0020835979551209645,0.04054577275871613,-0.01690901394395367,-0.002480986294808978,0.01975748275855405,-0.015253745098199574,-0.0016926501197303042,gaze_duration,indicos,zh60,0.06873614190687362,0.3343680709534368,0.0688539741219963,0.29528650646950094,0.0687938447612582,0.3152296899751075
116,-0.217696991502593,0.03419289826823737,-0.008751277113050921,-0.004255632824762943,0.010101908780402081,0.003040941447630437,0.001111851443670114,-0.018391137015355996,0.029000062405543196,0.003275207514466394,gaze_duration,indicos,zh61,0.1729490022172949,0.3671840354767184,0.16291877007801744,0.35429095915557596,0.16801984663960307,0.36084799278304014
117,-0.0847888710322666,0.013966986251849195,-0.0036156966293850097,-5.617686681263623e-4,0.0055837091729092425,0.007286062390766103,0.002963731876315501,-0.011966882300859318,-0.015488933313551313,-6.760129949352942e-4,gaze_duration,indicos,zh63,0.10909090909090909,0.34811529933481156,0.06940639269406393,0.345662100456621,0.08953880764904387,0.3469066366704162
118,0.14473667804515866,0.050216698918253186,-0.0038497481815977902,0.004325754201713191,0.0487957330654947,-0.030681816117537713,-0.005350618469846586,0.04919006569955345,-0.027614360572654626,-0.0060473756087565805,gaze_duration,indicos,zh64,0.09090909090909091,0.1197339246119734,0.0799445471349353,0.13632162661737524,0.0855397148676171,0.12785698121747002
119,-0.1263365402458058,-0.028921801995670612,-0.014022547933212476,-0.0067087433165754625,0.041613344447253425,-0.013374349796777001,-0.005116009083091088,0.05768981608980475,-0.024334683465529538,-0.0037939247189406147,gaze_duration,indicos,zh65,0.23059668012561688,0.2566173171825931,0.21982560807709958,0.2643414410279945,0.22527223230490018,0.2604355716878403
120,0.10884744629774831,0.09844555724694212,-0.036018664915589006,-0.01126830598971326,0.018176244927895595,-0.007308347129493104,-0.001677277564933438,0.04324416273518511,-0.014744768472932037,-0.0045672495241209175,gaze_duration,indicos,zh66,0.13569844789356986,0.23237250554323724,0.1169007702763933,0.13547802446760307,0.1264007171671896,0.18444643657552667
121,-0.021735032006040347,-0.03220905322153518,0.007927942918841373,-0.0024696097790738495,0.04200392895484061,-0.013255667287053513,-0.007380910392454827,0.03232612202045754,-0.013640661259071447,-0.0036317153485545405,gaze_duration,indicos,zh67,0.2397003745318352,0.4419475655430712,0.24828218048557033,0.3989922125515346,0.24403797175272054,0.42023616577911554
122,-3.1237257414922415e-4,-0.04491927833871995,-0.021425478711622422,-0.008922285843153306,-0.01235558500975646,-0.0020079752555813455,2.1662568954482003e-4,-0.0079394001500396,-0.01395286368575878,-8.674144152584919e-4,gaze_duration,indicos,zh68,0.07139689578713969,0.35920177383592017,0.06500445235975066,0.3365983971504898,0.06820706509664519,0.34792268384803376
123,-0.11691301096644163,-3.875439306757696e-4,0.011140337924360262,0.0012605029132287569,-0.008239999053763256,0.008662440670629068,0.00288353424080595,-0.027108029557352534,0.00622031215083435,0.003857760508821639,gaze_duration,indicos,zh69,0.10297381269418553,0.316023080337328,0.07329363261566652,0.3293632615666514,0.08836789900811542,0.32258791704238055
124,0.3402169137648175,0.09367032088038199,-0.016998104284821017,-5.975703836251847e-4,0.04297818282073452,-0.03741640782306713,-0.007319882888865379,0.07122614812566702,-0.00928660529266492,-0.011437116906208812,gaze_duration,indicos,zh7,0.17250554323725056,0.20532150776053215,0.17081031307550645,0.15976058931860038,0.17167381974248927,0.18296814998870567
125,-0.03033035253629831,0.01140861409312462,0.01646175592657275,-0.0015830287613445451,0.025936201199178315,-0.014737871161509571,-0.0021491242501499594,0.022753283727315183,-0.016748661898746017,-0.004162609416549916,gaze_duration,indicos,zh70,0.1896067415730337,0.2556179775280899,0.20821917808219179,0.271689497716895,0.19902912621359223,0.26375404530744334
126,0.04534858855993242,0.028094964715061097,0.0025614698304091597,-0.0076261674172607655,0.03768794305743702,-0.018028126153803656,-0.006128494296405585,0.018614412893355036,-0.018718547145469756,-0.005041266358025861,gaze_duration,indicos,zh71,0.12549889135254988,0.2567627494456763,0.09878277153558053,0.26779026217228463,0.11250284673195173,0.26212707811432473
127,0.06231060124470937,0.11426696945452106,-0.03679008399373454,-0.00745014564911969,0.018144302271939652,0.00106094337037275,-5.011309536590894e-4,-0.003639531978258252,-0.004504009615824071,-0.003717301664490962,gaze_duration,indicos,zh72,0.06607538802660753,0.19556541019955653,0.06391478029294274,0.22902796271637815,0.06499556344276841,0.21228926353149954
128,-0.06128845825300339,0.031340570327843785,0.01368383207664279,0.0015766888444181852,0.01608463789070121,-0.010877194016745535,-0.0010547913269951994,0.01676338902435098,-0.007196305107610298,-0.0012943010275067554,gaze_duration,indicos,zh73,0.09764758100310697,0.2396804260985353,0.07958801498127341,0.23548689138576778,0.08885850991114148,0.23763955342902712
129,-0.0655275023009978,0.05040155356596037,-0.02511848528027943,9.522682410087608e-4,-0.001744216651282303,-0.012599757885130848,0.00274124509592661,0.00807711802005742,-0.007013513344045123,-0.0032226036063445,gaze_duration,indicos,zh74,0.09037900874635568,0.24295432458697766,0.0842929525564256,0.22293873790879778,0.08725467013478364,0.23267912035942304
130,-0.193037845535717,0.020856306250770087,0.007691883890785211,-7.203979174721431e-4,-0.023031928597973223,0.03156227317316292,0.005764374120513501,-0.03328666997775192,0.0028129707357911257,0.0039214345348304635,gaze_duration,indicos,zh75,0.08691796008869179,0.3600886917960089,0.06825469537333945,0.38845625286303254,0.07773771969355565,0.3740423614240649
131,-0.02430535075054409,0.005540372203955873,0.008867830415923232,0.011673722080576265,0.013051832574019517,-0.002083197212461296,-0.0010859256360508166,-0.024370714018125048,0.011130388186117161,0.004983251821139115,gaze_duration,indicos,zh8,0.09120221096269,0.35006909258406266,0.08459483526268922,0.3348174532502226,0.08784242698664252,0.34231378763866877
1,-0.075186167972875,0.00611556346891,-0.0011981738348925,-0.00252885373905275,-6.828263404192501e-4,1.2959738356024998e-4,2.44983976219315e-4,0.00284922041832,1.0392948411067501e-4,-0.0016754143822273126,gaze_duration,onestop,l1_161,0.15953307392996108,0.2723735408560311,0.19063545150501673,0.2792642140468227,0.18128654970760233,0.2771929824561403
2,0.008808678543274998,0.0024091086622734844,0.001658472994586,-8.606700614499999e-4,0.00103144947285625,7.7452703993525e-4,-0.00146753837137535,-0.002253699621705,-3.7939058456975e-4,3.2091013950452495e-4,gaze_duration,onestop,l1_168,0.10396975425330812,0.12098298676748583,0.1563467492260062,0.19659442724458204,0.1327659574468085,0.1625531914893617
3,0.17249691575,-0.0068637921830125,-0.0022668200538172503,0.0050583403402875,0.010337412987275,-0.00141461900027575,-2.8175556199261e-4,0.009225774846,7.787542259815e-4,-3.6909637972000004e-4,gaze_duration,onestop,l1_322,0.08711433756805807,0.32849364791288566,0.10107948969578018,0.239450441609421,0.09617834394904459,0.27070063694267515
4,0.013392292881025001,0.00942328282295,0.0013861494571875,0.0039202417644425,-0.0042200451968675,-0.0022413718214125,2.1157954484129997e-4,4.4606431768624995e-4,5.118850063499994e-6,8.599072403918e-4,gaze_duration,onestop,l10_202,0.12701612903225806,0.22580645161290322,0.11307901907356949,0.21934604904632152,0.11869918699186992,0.22195121951219512
5,-0.029803620261375,0.0045136069453075,-8.4809487030025e-4,-0.0030945954493975,0.0022805833646125,1.7847118305873005e-4,-1.9051012010425002e-4,5.3069403687225e-4,-4.648674610365625e-4,-5.3004847937975e-4,gaze_duration,onestop,l10_269,0.12272727272727273,0.17727272727272728,0.17992177314211213,0.35071707953063885,0.153468815697267,0.27049754730203224
6,-0.062869749453185,-0.011709804866635,-0.00241890030471275,5.773213484942501e-4,0.0019265646013877501,3.1199322999925e-4,4.865087801755e-4,-9.268190013350001e-4,5.5951752658613e-4,4.5132358426425005e-4,gaze_duration,onestop,l10_341,0.15384615384615385,0.29973474801061006,0.16370808678500987,0.41222879684418146,0.1595022624434389,0.36425339366515835
7,-0.177008807675,0.0176836306775,3.7461065214875e-4,-0.0011655491456925,-0.00169543897941125,-7.5227172259975e-4,-7.600130911462499e-5,0.0019763693362385,-4.0078120361775e-4,-0.001577939378253,gaze_duration,onestop,l11_205,0.14461538461538462,0.3292307692307692,0.18762886597938144,0.4577319587628866,0.17037037037037037,0.40617283950617283
8,0.019907974792525,0.0037107913198994396,9.774078602875e-4,-0.0025392190096645,-0.0014355080326899998,0.0013423832149275,-1.8897934255725e-4,-0.0038886332522675,-9.893272972425e-4,-0.0013446319860719999,gaze_duration,onestop,l11_344,0.19095477386934673,0.2613065326633166,0.2320675105485232,0.279887482419128,0.21330275229357798,0.2714067278287462
9,-0.10505379706125,-8.629806129475e-4,-0.002004987759103,-0.0022596155149145,-5.658675657875e-4,-2.97769262047375e-4,3.2671036308375004e-4,2.517230811314999e-4,5.36683455455e-4,-8.3171716240175e-4,gaze_duration,onestop,l11_91,0.14634146341463414,0.44090056285178236,0.20943134535367544,0.33841886269070737,0.18261562998405104,0.38197767145135564
10,-0.0534426733355,0.02144036736,0.00319380281476225,2.533654985715e-4,-0.0020276236497074997,-0.00142888201119875,-0.001118562696279675,-4.8794316102682486e-4,-0.00213141228958575,-0.001983210493084,gaze_duration,onestop,l12_207,0.15421686746987953,0.12891566265060242,0.16795580110497238,0.1281767955801105,0.16138328530259366,0.12853025936599424
11,-0.06567218668225,-0.00903748446835,2.99233247223725e-4,-2.3973864719999993e-5,-0.0019110612406925,8.5763365260675e-4,4.4692136426955e-4,-0.001171104261655,1.65297066175e-4,1.8863903448192499e-4,gaze_duration,onestop,l12_345,0.2044776119402985,0.42835820895522386,0.22248803827751196,0.5442583732057417,0.21447543160690571,0.49269588313413015
12,0.0485850748686,-0.0062274563704,6.38085599801e-4,-0.00218851418484325,3.1170216372500962e-6,7.3771090899745e-4,9.926091669217504e-5,-0.0019355282122100002,-6.1834359718875e-4,1.6799496367574988e-4,gaze_duration,onestop,l12_92,0.17857142857142858,0.3979591836734694,0.17798594847775176,0.48360655737704916,0.1782246879334258,0.4486823855755895
13,0.08409612366075,0.0076799833702,0.0024042293452,0.00147864000040975,9.9861824348e-4,4.91097463403e-4,-5.35397977106725e-4,6.389138075825001e-4,-4.94813290495e-4,-3.8308689879649994e-4,gaze_duration,onestop,l13_213,0.15937940761636107,0.2820874471086037,0.2066420664206642,0.25584255842558423,0.18462549277266754,0.2680683311432326
14,-0.03572317463145,0.01007159935734475,0.00157678567330125,-3.0373102796325e-4,-0.0044130506862675,-5.70783519119e-4,4.8506692885735e-4,-0.0041002530885375,2.2422659456875e-4,3.1013817629675004e-4,gaze_duration,onestop,l13_348,0.16146993318485522,0.32516703786191536,0.20417422867513613,0.3838475499092559,0.185,0.3575
15,0.07695648899625,-6.717183719249996e-5,9.9255829660375e-4,0.0024484252335750002,-0.00381734945009,-0.001650142156969,9.8514302497975e-5,-3.724480079195002e-4,3.01325505753825e-4,0.00142347049377025,gaze_duration,onestop,l13_93,0.1390728476821192,0.26490066225165565,0.20031545741324921,0.25236593059936907,0.17479300827966882,0.2575896964121435
16,-7.30332839374999e-4,0.006750153142745,4.990865813499995e-5,-9.932155142498949e-7,0.0019064849337575,-1.9685788877700006e-4,-5.6355844733453e-4,-0.00170459625891875,-0.00107894602401,-0.00104559896688475,gaze_duration,onestop,l14_352,0.20614596670934698,0.21382842509603073,0.22690058479532163,0.23859649122807017,0.2169926650366748,0.22677261613691932
17,0.043422243479325,-7.148071095125e-4,1.0249184929277497e-4,0.002747158160589,0.002684351970727,3.5692907459949994e-4,-1.3529024162872507e-4,0.004120065575774,6.884953430317499e-4,2.0645219157325006e-4,gaze_duration,onestop,l14_527,0.12093628088426528,0.13654096228868662,0.17591623036649215,0.17382198952879582,0.1513921113689095,0.1571925754060325
18,-0.2208352195,0.0129163771025,0.0017033442497599999,0.003056381031941,-0.00308769620752,-0.0011105332658110925,-4.94794241189525e-4,0.0016322480604752498,2.68658084915e-4,-6.126803342149997e-5,gaze_duration,onestop,l14_94,0.04679144385026738,0.0427807486631016,0.09152542372881356,0.10734463276836158,0.07103490508266994,0.07777097366809553
19,-0.040330091562325,0.0068951998080125,-0.00175609625845225,-0.00173101383776125,-0.00489810369022,-1.7585405008850005e-4,8.515441263651749e-4,0.0013967967426375,7.9013287042725e-4,4.9457414345e-4,gaze_duration,onestop,l15_210,0.14646464646464646,0.32323232323232326,0.16071428571428573,0.24025974025974026,0.1551383399209486,0.2727272727272727
20,0.104455772555,0.0134205699315,0.0038629369279375,2.2445833367230254e-4,0.002702047901255,0.0014339568400325,-0.0010054666670795,-4.4575434994999994e-4,-8.5116831936225e-4,1.8126926763549993e-4,gaze_duration,onestop,l15_350,0.13165680473372782,0.25443786982248523,0.17704011065006917,0.24204702627939143,0.15511079342387418,0.24803431022158684
21,0.039144838723025,0.0014051250428700002,5.4246157131235e-4,2.8355028001675e-4,0.00108235016237625,3.4694791646e-4,-3.6128215189624996e-4,1.7261857438775004e-4,-7.161190026675001e-5,8.10858958788975e-4,gaze_duration,onestop,l15_95,0.07848837209302326,0.07848837209302326,0.10064516129032258,0.10709677419354839,0.09022556390977443,0.0936431989063568
22,-0.0232319808383975,-0.00700614555409775,-0.00168879623155525,0.0039469773985844,0.0074980053933125,-0.0022526231557570002,3.0475285571330054e-5,-7.5512274203125e-4,6.832568944624996e-5,6.6258540704544e-4,gaze_duration,onestop,l16_218,0.21526418786692758,0.2583170254403131,0.23112480739599384,0.31432973805855163,0.22413793103448276,0.2896551724137931
23,-0.0982466139015,-0.0041748631050025,-9.3363497023625e-4,0.00289886140404725,-0.00560063038085,-0.00132451218335075,0.0010912401642285,-7.484888721974998e-4,8.75312758345e-4,0.001223836822856,gaze_duration,onestop,l16_354,0.15780141843971632,0.31382978723404253,0.19337748344370861,0.2635761589403974,0.17816527672479152,0.2850644427596664
24,0.1549533033,5.931319700375e-4,-0.00220178058788675,0.0033948050695995,-7.656975988649999e-4,-0.0019017397038180001,0.00102709240704575,0.00378141426575275,2.02634055697075e-4,0.0010087754091904,gaze_duration,onestop,l16_96,0.19674556213017752,0.22633136094674555,0.2138728323699422,0.19653179190751446,0.2063595068137573,0.20960415314730693
25,0.045540014158925,-0.00455491884626,-0.002449093729135,0.00192850823493,0.0054456970490425,3.4849348165775005e-4,2.1536730696090003e-4,0.008141059215102501,4.2511177561775003e-4,1.9975577146824996e-4,gaze_duration,onestop,l17_219,0.08949416342412451,0.13359273670557717,0.14450867052023122,0.22928709055876687,0.12106135986733002,0.1885019347705915
26,0.0794400797009,-0.010143738857675,-7.596027077199994e-5,9.685250821417499e-4,0.0034594682414177498,4.0384713232275007e-4,2.4492649971244993e-4,-0.002186579879395,-4.606008140995e-4,-5.314206864049998e-5,gaze_duration,onestop,l17_356,0.20282186948853614,0.2980599647266314,0.22719734660033167,0.28689883913764513,0.2153846153846154,0.2923076923076923
27,0.17248447655,-0.004881966734125,-9.682176582385e-4,-4.2669879447250003e-4,0.00565401355133575,-4.904800943805e-4,-5.42732113582825e-4,-5.91187420195e-4,-9.2005390523925e-4,4.4307199312225003e-4,gaze_duration,onestop,l17_98,0.1776061776061776,0.3564993564993565,0.1895910780669145,0.4708798017348203,0.18371212121212122,0.4147727272727273
28,-0.0025992702858474983,-0.0047205825859575,-6.6120012674775e-4,2.5032165903e-4,0.0032435352431075,0.001994907076535,-3.20301055677253e-4,0.003191492192596,2.7085406810875e-4,-7.435049847605e-4,gaze_duration,onestop,l18_220,0.16174582798459564,0.4159178433889602,0.2717391304347826,0.3576086956521739,0.2213066509711595,0.38434373160682755
29,-0.1317606057975,1.6677083341000006e-4,0.00184253749513,-0.0013177939119305,0.0031906521595175,0.00121291210481425,-0.0014453898580181,-0.001081358032105,-3.3834739101024997e-4,-7.413610514504151e-4,gaze_duration,onestop,l18_449,0.16323529411764706,0.34558823529411764,0.2,0.47435897435897434,0.18287671232876712,0.4143835616438356
30,0.060093438171375,0.00368908163259,-0.0024971864916975,0.001214560115325,0.0010582584471282499,-0.0015087734181257499,5.235161608182501e-4,0.0014364358887025,-5.995067153452498e-5,3.257190370775e-5,gaze_duration,onestop,l18_99,0.14487632508833923,0.24558303886925795,0.16348448687350836,0.2732696897374702,0.15598290598290598,0.2621082621082621
31,0.0571853740769,0.0066082573315900004,0.0022371250247185,5.1015382382425e-4,-0.00745828731827425,-0.0020814616146975,5.977227256729e-4,-0.00581574217450025,-9.260945158885e-4,9.482196283937499e-4,gaze_duration,onestop,l19_100,0.11764705882352941,0.3093681917211329,0.17888198757763976,0.2608695652173913,0.15664556962025317,0.27848101265822783
32,-0.33121952975,0.001700717593044,7.937723550875001e-4,-0.001935226478605,-0.011573400206175,0.00126451687083925,6.33639022533e-4,-0.00292672003377275,0.00156139272724075,4.74089927828e-4,gaze_duration,onestop,l19_230,0.1253731343283582,0.191044776119403,0.14479638009049775,0.25565610859728505,0.1364221364221364,0.2277992277992278
33,-0.101747232400675,0.006905549756775,7.8499516807795e-4,-0.0027245796822567498,-4.2326840587649997e-4,0.00123286718329975,-4.09986816056275e-4,1.576127377747499e-4,-3.6422658715325006e-4,-0.001189948562169,gaze_duration,onestop,l19_365,0.1527777777777778,0.4079861111111111,0.19919246298788695,0.34185733512786004,0.17892342683851403,0.3707354056103108
34,0.07072429120125,-4.086314423524999e-4,6.62498887066e-4,3.466977178676e-4,0.001650248900155,-3.134699339925e-4,-1.4881143712610001e-4,6.541049013250001e-4,-7.51898121500875e-4,-1.65331970195e-4,gaze_duration,onestop,l2_165,0.1404399323181049,0.19289340101522842,0.1547945205479452,0.2465753424657534,0.14837244511733536,0.22255866767600302
35,0.018935702852975002,-0.00508610290682375,-8.245700158724988e-5,1.0715887489249998e-4,0.0043395684760285,8.8889547899875e-4,-3.733850641775e-4,-0.0014737058012300002,-3.2676761094367504e-4,1.9410437976225e-4,gaze_duration,onestop,l2_174,0.08333333333333333,0.08333333333333333,0.09829059829059829,0.10042735042735043,0.09111111111111111,0.09222222222222222
36,-0.156085742825,-0.0095490026214435,-0.0031535943517825,-0.0037980817079795,0.0028888585807025,0.0016193054395525,4.732469774896025e-4,0.0029825771905795002,0.00106566054998,-8.413812207592e-4,gaze_duration,onestop,l2_324,0.11969111969111969,0.23552123552123552,0.16203703703703703,0.24768518518518517,0.14616497829232997,0.24312590448625182
37,-0.01921702686965,9.6518531337475e-4,-0.001736268725499725,-2.0957414551500003e-4,0.003449837772322825,-3.01776229187e-4,3.412764354015e-4,0.0068762305691675,-7.083490284649995e-5,-0.001261576333415,gaze_duration,onestop,l20_101,0.21296296296296297,0.22453703703703703,0.22241379310344828,0.23620689655172414,0.2183794466403162,0.23122529644268774
38,0.17409518965,0.0083901464123575,5.916473951911751e-4,3.3872241609499994e-4,0.0036174810176435,-4.01339967253e-4,-3.3227762428565e-4,0.005094674707135,-3.2624278651275e-4,-9.0371818569e-4,gaze_duration,onestop,l20_253,0.11367380560131796,0.15485996705107083,0.1364256480218281,0.15552523874488403,0.12611940298507462,0.15522388059701492
39,-0.146926187425,-0.00594282157183,5.92037548326e-4,-0.0013168049524939999,-0.0031767651829025,0.0012813363939975,2.1242454224575002e-4,-0.0021743266924425,5.3377056422025e-4,-2.0782870478682497e-4,gaze_duration,onestop,l20_362,0.15384615384615385,0.20961538461538462,0.18685121107266436,0.16782006920415224,0.17122040072859745,0.18761384335154827
40,-0.27054852275,-0.001651185553313,0.0015090436002774999,-1.7058564439650003e-4,-0.00731158562226575,-6.551326339760001e-4,-1.0886243914082497e-4,-0.0080965540298,-4.1007177302149997e-4,5.875896382025005e-5,gaze_duration,onestop,l21_102,0.1366742596810934,0.33029612756264237,0.1188118811881188,0.24752475247524752,0.1271186440677966,0.2860169491525424
41,-0.070863759957,-0.00154326053146275,-1.639877024174996e-5,0.00101739488016,0.004829235514545,3.137239092550006e-5,-5.601900310795312e-4,-0.00145191040760975,-1.9659865883589998e-4,-1.7341162565425e-4,gaze_duration,onestop,l21_232,0.17962962962962964,0.3814814814814815,0.21237458193979933,0.33444816053511706,0.1968365553602812,0.35676625659050965
42,-0.0819220841161975,-0.00449551067513525,5.002619714949999e-5,-8.63910429003e-4,-0.0018274577742949999,0.0011060082750664999,1.5885826792499858e-6,-0.002669220863106,5.3643806851e-4,2.623064203392e-4,gaze_duration,onestop,l21_366,0.18533604887983707,0.4256619144602851,0.15737298636926889,0.5390334572490706,0.1679506933744222,0.49614791987673346
43,-0.24072915255,-0.00468027898315575,-0.00233128149447775,-0.003849175179115,-0.00289974517887775,-1.6580830494699993e-4,8.5376058527225e-4,-0.002692142735836875,-1.7059072862325004e-4,-2.182032127749993e-6,gaze_duration,onestop,l22_103,0.13647642679900746,0.3225806451612903,0.17088607594936708,0.4319620253164557,0.157487922705314,0.3893719806763285
44,0.273666472,-0.0032072411378625,1.588235256465e-4,0.00304761600811,0.0053140250131279996,-9.8518943484625e-4,-4.27381905984e-4,7.460258672150001e-4,-7.597393250371999e-4,7.873701144535e-4,gaze_duration,onestop,l22_233,0.14731585518102372,0.35830212234706615,0.1596884128529698,0.34371957156767285,0.15426695842450766,0.350109409190372
45,0.10425585321275,-0.0088204405437225,-0.001233440981599,0.00227422555938575,0.00123371529369825,-8.84901325571025e-4,-1.5603394540499884e-6,-0.0018602055708495,-1.2696125034625e-4,0.001961771237051,gaze_duration,onestop,l22_367,0.14423076923076922,0.266025641025641,0.15005476451259583,0.20372398685651696,0.14769030579050096,0.22901756668835394
46,0.134167201125,-0.006401683352825,-0.001206038191831325,-6.9434422804475e-4,0.00315631088294425,-6.391413385075e-4,1.302252964598375e-4,-0.001279201196067,-6.45326808222e-4,1.8105307532195e-4,gaze_duration,onestop,l23_234,0.17495395948434622,0.4198895027624309,0.21818181818181817,0.4049586776859504,0.19773519163763068,0.41202090592334495
47,-0.2005112228,0.010204663304995,0.00234868681320975,-0.0037501434548840003,-0.007925543782115,0.0028248613575575002,4.33201994913e-4,-0.002831790650065,2.1894705545825004e-4,-1.8879574744499955e-5,gaze_duration,onestop,l23_368,0.1661721068249258,0.34421364985163205,0.16,0.472258064516129,0.16287094547964112,0.4126984126984127
48,0.209058048825,0.0035425904462725,0.001300831029917175,0.001604638811105,0.0018567687936249999,-4.10360428819e-4,-3.5473699543625e-4,-0.001933816070895,-0.00140866111425,7.699348352214999e-4,gaze_duration,onestop,l23_97,0.1844484629294756,0.2314647377938517,0.2082018927444795,0.2870662460567823,0.1971356360572873,0.2611625947767481
49,0.053350713655975004,-0.0032636332457475,-6.3376389918525e-4,-0.0012059713306475,-1.7927280669749997e-4,-2.5618053593675e-4,-2.82327492969225e-4,-0.0054520765560349994,-0.001095050818517,-6.622407462325001e-5,gaze_duration,onestop,l24_105,0.13916500994035785,0.18687872763419483,0.20763358778625954,0.2717557251908397,0.17789291882556132,0.23488773747841105
50,0.154076894625,-0.00482964488791,-3.1612001769749996e-4,-9.197398265982501e-4,0.007489427670425,6.952509888102501e-4,-9.169133240227499e-4,-0.0013054651737335,-0.00117803599159905,-1.8613259436772495e-4,gaze_duration,onestop,l24_241,0.1718494271685761,0.2144026186579378,0.18890356671070013,0.32232496697490093,0.18128654970760233,0.2741228070175439
51,0.053724406714325,0.00198100929797,8.86902520670525e-4,-3.2672172708850006e-4,-0.0011351089314675,1.80933518572825e-4,4.017484029994575e-4,-0.0012382366945625,3.65068560871e-4,7.95625848292325e-4,gaze_duration,onestop,l24_372,0.1651376146788991,0.3073394495412844,0.20207253886010362,0.33419689119170987,0.18513323983169705,0.32187938288920054
52,0.0884650270295,-9.733838679229998e-4,-6.421510764224999e-4,-1.0459178789775002e-4,-0.0041041345545074995,-3.770271759325e-4,6.774451981548749e-4,-1.0445158394159996e-4,8.201707067292499e-4,0.0012490661300926925,gaze_duration,onestop,l25_106,0.1108695652173913,0.23695652173913043,0.16644113667117727,0.29499323410013534,0.1451209341117598,0.2727272727272727
53,0.28096016825,0.0049788544882525005,-9.634538352275e-4,0.0028100926819125,0.0027773460528475002,-0.0013204164749925,-1.2705544780575e-4,0.00154578914508,-1.6889179851224998e-4,0.0015868399310617,gaze_duration,onestop,l25_243,0.10413476263399694,0.12710566615620214,0.09957924263674614,0.09957924263674614,0.10175695461200586,0.11273792093704246
54,0.049148510761325,-0.0037264074194325,5.9687320357225e-4,-8.289863223205e-4,-0.00171612873545225,4.605484922149999e-5,-8.28586427692e-5,-0.0032604178733975,-6.083873785379999e-4,-6.576602374775e-4,gaze_duration,onestop,l25_373,0.24126455906821964,0.30449251247920134,0.24166666666666667,0.3541666666666667,0.24148372445117336,0.3315669947009841
55,0.045828480466275,-0.015034342505,-0.00113680269496975,-4.5931289203200005e-4,0.002163449191981,0.0010777774662075,2.0536016909640008e-4,-7.115492051962501e-4,3.3348155258349995e-4,0.001801122549306,gaze_duration,onestop,l26_107,0.2434017595307918,0.36363636363636365,0.20093457943925233,0.27102803738317754,0.21976592977893367,0.31209362808842656
56,0.0278274764231025,0.010208105523575,-1.0343343239500002e-4,1.6887786775749995e-4,-3.428023563725e-4,0.0011769162178695,8.589673519975e-5,0.0066865393232775,9.66606833145e-4,9.3315096732825e-4,gaze_duration,onestop,l26_244,0.12618724559023067,0.29850746268656714,0.15034168564920272,0.16970387243735763,0.1393188854489164,0.2284829721362229
57,0.100501598375,0.00561764486707875,0.00177939051421175,0.00119717888883,-3.287753801499996e-5,-8.6544298901825e-4,-6.893314611125002e-5,7.5665125301775e-4,-2.6064451240750003e-5,0.00100715579116975,gaze_duration,onestop,l26_375,0.13852813852813853,0.21103896103896103,0.2299717247879359,0.14326107445805844,0.18740554156171285,0.1748110831234257
58,-0.1615372374,-0.00301048533527,3.7489680428050005e-4,-0.0014622234218080001,-0.0023419414717175,1.4922271413449998e-4,6.010448326620001e-4,4.84893395346e-4,-1.7784439374002501e-4,-0.00117998957615925,gaze_duration,onestop,l27_108,0.09764918625678119,0.13924050632911392,0.12483574244415244,0.17608409986859397,0.11339421613394216,0.16057838660578386
59,-0.04120465251075,-0.0012922258276425,-0.0023339723561125,-0.00234087308071325,-1.985618283192501e-4,8.727980019725e-4,-5.6676788250725e-5,0.0021896272722775,5.7262490917325e-4,-6.262935695685e-4,gaze_duration,onestop,l27_245,0.21330275229357798,0.38073394495412843,0.27784156142365096,0.44087256027554533,0.2563121652639633,0.42081101759755163
60,-0.0036831301050749992,0.0016181628820150001,0.0013776298136824999,-5.1481739717475e-4,-0.0021643328487775,0.00117150142652125,1.4012789892142426e-5,5.9001920174e-4,2.3281924723124998e-4,-5.33117043859625e-4,gaze_duration,onestop,l27_378,0.16134751773049646,0.5656028368794326,0.22287735849056603,0.5176886792452831,0.19830028328611898,0.5368271954674221
61,-0.08985349724575,0.00210973710217575,0.0057260031755,7.618752687487501e-4,-0.001474310924035,0.0010435196176125001,-0.00140137119785345,-3.4482217629e-4,-9.38546240507e-4,-0.00208093179978975,gaze_duration,onestop,l28_246,0.20053475935828877,0.2580213903743315,0.24800910125142206,0.2696245733788396,0.22618315918869084,0.26429010448678547
62,-0.049390716379075,-0.0071445617635875,-8.12807072193e-4,0.0029686454381775,-0.00489902936556825,-0.0014138653676624999,9.845761691132501e-4,0.0033513886085822253,0.00137002343109325,0.0018839983528454,gaze_duration,onestop,l28_380,0.0684931506849315,0.1095890410958904,0.14285714285714285,0.256,0.12096774193548387,0.2129032258064516
63,0.07873764705825,-0.00847276280197,-0.00283143392884775,-0.0041115239687425,0.005821073917235,0.0016276871140777501,-1.2570205706389966e-5,-5.5841164162925e-4,5.701314299600001e-5,-9.9867667402225e-5,gaze_duration,onestop,l28_495,0.15037593984962405,0.39598997493734334,0.20362903225806453,0.46169354838709675,0.17988826815642459,0.4324022346368715
64,-0.0185376813303475,0.005058811442841,0.0013545377799185,-0.002055374249501,-0.0032511172839325,3.6904248384025e-4,-1.3533458634707498e-4,-0.004826641886656775,-3.9096017812385e-4,2.1262210666989998e-4,gaze_duration,onestop,l29_110,0.10174880763116058,0.1494435612082671,0.12514619883040937,0.27134502923976606,0.11522911051212938,0.2196765498652291
65,0.03371275501415,0.0156692863975,0.0018872633833125001,0.0026099704699035,-0.0064141689627475,-0.002547135943355,-2.9481190235924992e-5,0.001373349315443,-4.79973940207e-4,3.74769515299e-4,gaze_duration,onestop,l29_248,0.16287878787878787,0.22537878787878787,0.18245125348189414,0.16852367688022285,0.17415730337078653,0.1926163723916533
66,0.007064247752490001,0.0011662391225585,9.95715369447e-4,8.614692103875001e-4,0.006030215808375,0.00134069044628975,-6.98620321498925e-4,0.0018717317325475,-7.020520408345e-4,-5.03759709656625e-4,gaze_duration,onestop,l29_454,0.12514898688915377,0.31585220500595945,0.15789473684210525,0.3519736842105263,0.14220445459737294,0.33466590519703027
67,-0.1285112580275,0.005118020645925,0.001849600942178075,-1.9902372966475006e-4,-0.00569519720285,-1.4433573136799998e-4,-2.5953450814830003e-4,-0.00738976673374395,-0.0012439033876795,8.671471126e-5,gaze_duration,onestop,l3_167,0.15019011406844107,0.1958174904942966,0.19263456090651557,0.17422096317280453,0.174512987012987,0.18344155844155843
68,0.17246017225,0.00232273730148,-0.001946386162986,0.00173318662012725,-0.0047797920585,-6.220085752137501e-4,0.001107257766652625,0.0045893808282675,0.001600832323964,0.002112295168262675,gaze_duration,onestop,l3_265,0.14182692307692307,0.5288461538461539,0.15781710914454278,0.41150442477876104,0.15173674588665448,0.45612431444241314
69,-0.2759232405,0.00152707504202,4.266071702025e-4,-0.0038140145687231,-0.0030970882113225,8.8203546351825e-4,-8.884999683627499e-5,2.5991137566750054e-5,5.5257805665825e-4,-9.5299064807525e-4,gaze_duration,onestop,l3_327,0.1676300578034682,0.35067437379576105,0.18081761006289307,0.3805031446540881,0.1748917748917749,0.3670995670995671
70,-0.083302656397925,-0.0041541817157225,2.5474439243782497e-4,-0.0024452055618465,-0.003775259939604,0.0013512971038324999,-1.9360458564775002e-4,-0.002568594193487,-1.8138832823249967e-5,-6.216037497775e-4,gaze_duration,onestop,l30_111,0.16417910447761194,0.2955223880597015,0.18706293706293706,0.32342657342657344,0.17861080485115766,0.3131201764057332
71,0.27556670725,0.00694034674080925,0.0017063827419150001,0.0054335334503325,-0.0040600425684125,-0.003039504263465,4.2863780217679997e-4,-0.0017666251509507501,-6.811114858707501e-4,0.0022103949588637498,gaze_duration,onestop,l30_254,0.13253012048192772,0.07680722891566265,0.13395225464190982,0.15119363395225463,0.13328631875881522,0.11636107193229901
72,-0.187959523475,-0.006310955855997596,0.0017653310461125,-4.2726151149425e-4,0.0018807061837054998,9.550540244164e-4,-2.74017269157e-4,-0.0031384475909625002,-6.763618315293499e-4,-6.6298059978485e-4,gaze_duration,onestop,l30_386,0.1503623188405797,0.46557971014492755,0.16911764705882354,0.525,0.16071428571428573,0.49837662337662336
73,0.021833063600625,0.00496217653745,0.00100689497359525,-0.0017054190086015,-0.00234344038341375,0.0012743799372075,-1.65879966871575e-4,-3.55950469253475e-4,-3.711970893550002e-5,-2.0368965002995004e-4,gaze_duration,onestop,l31_112,0.1778115501519757,0.1702127659574468,0.22235576923076922,0.23197115384615385,0.20268456375838925,0.20469798657718122
74,-0.145911506925,0.01936719673,0.002906572390975,-7.5538299304575e-4,-3.708133291335001e-4,1.9371237632024994e-4,-4.8081037217725e-4,0.0031787623455375,-1.78013086215e-4,-0.0018552926714779999,gaze_duration,onestop,l31_257,0.17792207792207793,0.2792207792207792,0.1955503512880562,0.22014051522248243,0.18719211822660098,0.2481527093596059
75,0.20329211025,0.01413512399,0.0019995604459125,0.0044384955994175,0.004462216056925,-0.0025837915659385,-9.523850580443999e-4,1.5784161943900002e-4,-0.0014083804755285,-1.30183246608e-4,gaze_duration,onestop,l31_388,0.14566929133858267,0.2690288713910761,0.16647264260768335,0.42258440046565776,0.1566933991363356,0.3504009870450339
76,0.2379961655,-0.007849624196555,2.6740955143500067e-5,7.927476175425e-4,-0.00221492052976,-0.0010428941513875,1.3854750260677498e-4,-0.0059530113889425,-7.2296957797025e-4,0.0014905653259296501,gaze_duration,onestop,l32_263,0.07304785894206549,0.12846347607052896,0.11408450704225352,0.12816901408450704,0.0993676603432701,0.12827461607949414
77,-0.0541618824640975,0.0065492961938125,2.8043633833475004e-4,0.0031790381187365,-0.0099846238252375,-0.0019955639238125,6.550686518151726e-4,0.00379749569198,0.001217162710094,0.00153324397901775,gaze_duration,onestop,l32_390,0.1723122238586156,0.34167893961708395,0.24726911618669314,0.30685203574975173,0.21708185053380782,0.3208778173190985
78,0.08146945031675,-0.00101759445933625,4.4324473159150003e-4,3.51967905715e-4,-0.0061649700227855,-5.9520099826025e-4,7.569225341195e-4,-0.00477734218571975,-0.001075608948789875,0.0018351307260784998,gaze_duration,onestop,l32_502,0.1401151631477927,0.3800383877159309,0.1396551724137931,0.24482758620689654,0.13987284287011809,0.30881017257039056
79,-0.04408065561464,-0.004894648355845,-7.60509487179e-4,0.0011226601425525,0.001339428056065,-2.929232718674994e-5,-4.793648259175019e-6,-3.624882955167498e-4,4.889899028525e-4,6.38194417685e-4,gaze_duration,onestop,l33_115,0.113997113997114,0.17027417027417027,0.12860576923076922,0.13701923076923078,0.1219672131147541,0.1521311475409836
80,-0.0601566638634725,-0.00696770090195,-0.0018581656671925,3.3778974121575e-4,-0.0045286839964035,-2.3892815852499956e-6,0.00110270560730595,0.0048952146236425,0.0011633726173075,-5.8582846340225e-4,gaze_duration,onestop,l33_276,0.15283018867924528,0.30754716981132074,0.17380352644836272,0.4080604534005038,0.16540785498489427,0.3678247734138973
81,-3.3705987089999997e-4,0.0038464635148149997,-1.9988940440075e-4,-0.00135350126771,0.0033195855196625,2.008835060640501e-4,-5.168989269815e-4,0.0016876668960462476,-6.196264630995e-4,-0.00111335113176015,gaze_duration,onestop,l33_515,0.12186978297161936,0.34056761268781305,0.1390532544378698,0.19674556213017752,0.13098039215686275,0.2643137254901961
82,0.2600944935,0.004669492607421,-8.3708571414925e-4,0.002850965938609,0.0018193137252475,-0.0025479052896225,5.294706812024992e-6,-9.886918185249974e-6,-9.56489363631e-4,6.60243918727e-4,gaze_duration,onestop,l34_116,0.11684370257966616,0.22003034901365706,0.12195121951219512,0.13055954088952654,0.11946902654867257,0.17404129793510326
83,0.07984133277675,0.0068992084958000004,0.00224558326776,0.00332793044100475,-0.0010290456070800001,-0.0025383166386375,2.1557208744715e-4,9.38618942015e-4,-7.971142782665e-4,7.456980526024e-4,gaze_duration,onestop,l34_277,0.062157221206581355,0.19378427787934185,0.10776545166402536,0.20443740095087162,0.0865874363327674,0.199490662139219
84,-0.0440265630694925,0.00102014215279655,4.652148102449999e-5,-0.0029571090417925,6.669600529160001e-4,4.16897635024e-4,-3.70541440170275e-4,-0.0039944036349025,-3.26957480161e-4,5.46014968035e-4,gaze_duration,onestop,l34_398,0.2275449101796407,0.344311377245509,0.23658536585365852,0.3804878048780488,0.2325268817204301,0.364247311827957
85,-0.061874559405425,0.01052292060615,5.5425514943425e-4,-4.345995752499958e-6,0.00332803081886,-2.579927241235e-4,-7.746106944139501e-4,0.0030621078259075,3.103853321124998e-5,-9.6451545002025e-4,gaze_duration,onestop,l35_118,0.17969821673525377,0.2935528120713306,0.1864754098360656,0.2305327868852459,0.18357771260997066,0.25747800586510267
86,-0.1342413795175,-0.0018524125017175,-4.6350632319405e-4,-0.002713665276295,7.784407679095e-4,6.590984008525e-4,-5.79087705867e-4,-0.004247976213160575,-2.488410062575e-4,-6.03172692280725e-4,gaze_duration,onestop,l35_278,0.21442885771543085,0.2845691382765531,0.22762951334379905,0.32339089481946626,0.22183098591549297,0.30633802816901406
87,0.034913143787725,-0.0032139114280925,3.4828334070049994e-4,0.002194905150379,-0.00649684736789175,3.4783115972125006e-4,7.666180634613001e-4,0.001833124362027,0.00169506181438083,0.00155770652499225,gaze_duration,onestop,l35_399,0.10982658959537572,0.11946050096339114,0.12429378531073447,0.1497175141242938,0.11817440912795436,0.13691931540342298
88,0.31536219775,0.0017211014157175,-0.00197302995013175,1.3877735438024995e-4,0.00299889287883,-7.859080909635e-4,6.31877337740875e-4,0.0044453062071795,-8.1533108448775e-4,7.105408706875e-4,gaze_duration,onestop,l36_119,0.1642651296829971,0.2219020172910663,0.168,0.252,0.16620498614958448,0.23753462603878117
89,-0.09334009629725,-0.017744932625,-1.0139562031200004e-4,-4.2383013859250004e-4,-0.003009790951124775,0.00115047510083,3.726117151944e-4,-0.00542851359735,3.65358472904e-4,8.141459565865001e-4,gaze_duration,onestop,l36_280,0.16363636363636364,0.42597402597402595,0.13966480446927373,0.3575418994413408,0.14967462039045554,0.38611713665943603
90,-0.11274362356775,5.456452310515001e-4,-0.00193886692350175,0.00145827651311675,0.0063873525179375,5.282476025886751e-4,1.3681441580965003e-4,0.0076112610376875,0.0015110960890834999,-0.0010487581736355,gaze_duration,onestop,l36_400,0.12571428571428572,0.18095238095238095,0.1689497716894977,0.197869101978691,0.14974619289340102,0.19035532994923857
91,-0.2083256259,6.521572318000001e-4,-1.9351117416624997e-4,-0.0026444943312275,-0.0016211911097770001,0.0013215977524105,1.7409221032449996e-4,-5.09189772899999e-5,6.60033729293e-4,1.0893986212800003e-4,gaze_duration,onestop,l37_120,0.1444954128440367,0.28211009174311924,0.15512820512820513,0.4551282051282051,0.1513157894736842,0.3930921052631579
92,0.0659838845251975,-0.0012663689538425001,-4.4393406472175004e-4,-9.101515118075e-4,0.005264816412185,3.129054344419e-4,-8.7722691802425e-4,-0.003407101835176,-7.9898098024125e-4,-7.92399939239e-4,gaze_duration,onestop,l37_401,0.13608562691131498,0.23547400611620795,0.15159944367176634,0.2767732962447844,0.1442097596504006,0.25710123816460306
93,-0.065069650710725,-0.0052276577283,-3.119153374099995e-5,-2.5899303725599994e-4,-0.004613887128645,3.6996060023425e-4,-3.3385035313295003e-4,-0.00533488603096075,4.076143842226999e-4,0.0017056769233035,gaze_duration,onestop,l37_534,0.15529411764705883,0.3247058823529412,0.1925133689839572,0.36363636363636365,0.17647058823529413,0.34685598377281945
94,0.1115794224375,5.140397586579999e-4,-0.0013934872225825,-7.392819332935e-4,-5.53072661347e-4,-8.6520899826e-4,2.1828126879134998e-4,0.00221743731457325,-5.314121362045e-4,-1.999568893672501e-4,gaze_duration,onestop,l38_121,0.1782608695652174,0.3391304347826087,0.24331210191082803,0.36560509554140125,0.21927710843373494,0.35582329317269074
95,-0.108299301968,-2.2133967729e-4,-2.581781499265e-4,0.0017885886895495,0.0037181149530125,-4.5005171002650003e-4,-3.88835515143e-4,6.434554588900001e-4,-9.8671417469375e-5,-1.3258546372349998e-4,gaze_duration,onestop,l38_282,0.20135363790186125,0.43824027072758037,0.23385012919896642,0.38242894056847543,0.21978021978021978,0.4065934065934066
96,0.1084051200375,-0.0012509597855925,-0.0012210394430205499,0.0042303462512475,-0.0010401390939839999,-5.2981588986025e-4,0.0010916114950124999,0.003868160311675,0.0011151706518325,0.0016840976654515,gaze_duration,onestop,l38_402,0.08139534883720931,0.26245847176079734,0.09778812572759023,0.32712456344586727,0.09103353867214237,0.3004791238877481
97,0.195390644325,-0.0026914547173062502,-3.120977492445e-4,-0.0018017389903225,0.0013505127956605,-1.0073554962646242e-4,-1.1534292408775001e-4,-0.0035881579446075,-8.42561469472625e-4,0.00129940172773475,gaze_duration,onestop,l39_125,0.20114942528735633,0.2514367816091954,0.22566371681415928,0.26216814159292035,0.215,0.2575
98,0.08770337133135,-0.0081062991246,-0.001846078045275,8.864294051726499e-4,0.004490416107008,-7.40335204e-5,-2.952893689174e-4,0.0029750861913025,4.6548852049825e-4,3.79971203613875e-4,gaze_duration,onestop,l39_299,0.0852575488454707,0.24156305506216696,0.1248339973439575,0.27622841965471445,0.10790273556231003,0.2613981762917933
99,-0.030826299835175,-0.0064570531085205,3.3057543663475e-4,-8.2807729603825e-4,-0.00208905774472925,3.5871849165500014e-4,1.0757982825784998e-4,-0.0055453705957,-4.6285660079424995e-4,7.15279099516e-4,gaze_duration,onestop,l39_404,0.1540880503144654,0.1918238993710692,0.162109375,0.36328125,0.15903614457831325,0.29759036144578316
100,0.049899230755975,0.00229623549971225,-2.488293837645e-4,0.0010869160053305,4.7736589735149985e-4,-0.00153145435516,-8.607689132592498e-5,-0.00436537746664,-5.5409574720375e-4,5.2820826631305e-4,gaze_duration,onestop,l4_172,0.28101644245142005,0.40059790732436473,0.260989010989011,0.39697802197802196,0.2705798138869005,0.39871152469577664
101,-0.0384690404106,-0.00334979451509175,6.371449654055e-4,-0.002185971602145,-0.0029791181967125002,-5.5699324321675e-4,1.6359612339324997e-4,-0.0043128034140525,-4.4868846074174997e-4,-5.594047331200005e-5,gaze_duration,onestop,l4_331,0.12718204488778054,0.44389027431421446,0.1389776357827476,0.3546325878594249,0.13437195715676728,0.3894839337877313
102,-0.026339082327475,-0.01372528638025,-2.9927388886375e-4,0.00117555548736725,-0.0053882340017575,-5.091114545605e-4,2.2949310895309995e-4,-0.00469823243155,6.2624561615e-4,0.0012931376059925502,gaze_duration,onestop,l4_80,0.08080808080808081,0.15488215488215487,0.0913978494623656,0.12724014336917563,0.08771929824561403,0.1368421052631579
103,-0.279000894,0.0016554902091199999,-0.001272382060045,-0.0021590797465175,-5.736411340400002e-4,1.2781792025174995e-4,2.2617177085775e-4,0.002652109173459,8.5586461122675e-4,-0.001406926872867175,gaze_duration,onestop,l40_127,0.185126582278481,0.22151898734177214,0.23190348525469168,0.30294906166219837,0.2104499274310595,0.2656023222060958
104,-0.14710458038,0.007967599098835,-0.00231422263653475,-0.001407950315575,-0.003670266973215,-5.270851857412501e-4,8.3168199464725e-4,0.0023718985612555,0.001423941659953,-3.7458193262599994e-4,gaze_duration,onestop,l40_300,0.0755939524838013,0.16630669546436286,0.10541310541310542,0.12108262108262108,0.09356223175965665,0.13905579399141632
105,-0.1298541268,-0.004853221081158,-0.002400505558334,-0.00121818264198575,0.004103558849415,4.0758218621925006e-4,5.4157902981485e-4,0.0023057923646575,5.825677429455e-4,2.042534506765e-4,gaze_duration,onestop,l40_458,0.1483050847457627,0.5529661016949152,0.14177693761814744,0.6162570888468809,0.14485514485514486,0.5864135864135864
106,0.24884173825,-0.007448496602885,9.730070668999998e-5,0.002357902632755,0.0093266282486975,-2.694133295049999e-4,-0.001159105670141225,0.005302119405123,-5.0566370415425e-4,2.434441282175e-5,gaze_duration,onestop,l41_129,0.21644498186215236,0.22370012091898428,0.2127659574468085,0.22340425531914893,0.214584578601315,0.22355050806933652
107,-0.1201411238985,-3.9057549679500026e-4,0.00196916694622,4.04636903635e-4,-0.011038876606875,0.00112057934565975,7.9546532104175e-4,-0.0016673756292825,7.573746013947501e-4,5.4262938765035e-4,gaze_duration,onestop,l41_303,0.1348314606741573,0.2752808988764045,0.15683814303638646,0.30112923462986196,0.14800901577761083,0.2907588279489106
108,-0.2607961655,0.005903263559665,0.0027687230613675,-2.19946061295e-4,-0.008936062400365,8.5538322301575e-4,-2.77538249402e-4,-0.00596356028666,3.5113872650975e-4,-2.6008333983724996e-4,gaze_duration,onestop,l41_408,0.13680154142581888,0.19845857418111754,0.1657848324514991,0.20987654320987653,0.15193370165745856,0.20441988950276244
109,0.066490380174415,-0.0056393525044775,-8.59564481602e-4,3.511885811415e-4,-0.0019919089484520002,-7.4123283304825e-4,5.503146918290575e-4,6.7793341162e-4,2.0131008918779995e-4,4.3323206091000005e-4,gaze_duration,onestop,l42_290,0.19594594594594594,0.3716216216216216,0.19900497512437812,0.29850746268656714,0.19818181818181818,0.3181818181818182
110,0.021916639390525,0.005151233298675,0.002008545288515575,-8.051289659265e-4,0.00173301842966625,0.001177015595105,-6.608164831313e-4,-0.0013133876063595,-5.554079749742499e-4,-9.484248983855e-4,gaze_duration,onestop,l42_308,0.1697530864197531,0.3888888888888889,0.2302025782688766,0.2983425414364641,0.20761245674740483,0.33217993079584773
111,-0.069779053775525,-0.005755044049644625,-0.00189979548666725,0.00336210733349,-0.006547252238305,-0.00225891175144795,5.172179289527e-4,1.9034911162999987e-4,0.001672517778576,9.89401178876e-4,gaze_duration,onestop,l42_459,0.12837837837837837,0.39864864864864863,0.15202231520223153,0.3542538354253835,0.1429801894918174,0.37123169681309215
112,0.076314316127525,0.0030493262729,-3.1430560426775e-4,4.617960925599995e-5,-0.0016014619420222746,-6.899510131125e-4,5.086641670506e-4,3.4788549867849995e-4,2.38218540363625e-4,5.000749753177499e-4,gaze_duration,onestop,l43_131,0.1322314049586777,0.162534435261708,0.16977611940298507,0.19776119402985073,0.1546162402669633,0.1835372636262514
113,0.31409521475,-0.01518056998375,-0.00334815642101,0.004393768716515,0.00294478788667075,-0.002587386237946,7.167998643626749e-4,-4.4522027451025017e-4,3.058732261055325e-4,0.00283494139639725,gaze_duration,onestop,l43_310,0.1759656652360515,0.43776824034334766,0.1878453038674033,0.49171270718232046,0.18495297805642633,0.4785788923719958
114,-0.0957102540655,-5.825653561250001e-4,-1.3399082248574995e-4,-0.0028159456393795,-0.0013563696639775,1.2971378258525e-4,-6.316909467900001e-5,-0.004627560386686,-7.0581869110425e-4,-2.2203110236175007e-4,gaze_duration,onestop,l43_413,0.21236133122028525,0.44849445324881143,0.22868217054263565,0.5064599483204134,0.22135231316725978,0.4804270462633452
115,0.094471353055,0.00866342867409025,-4.95494617704925e-4,0.0039721949398374996,-8.583538646075e-4,-0.00237003715640675,3.0880070904725003e-4,0.0044504722294725,1.4708168853042503e-4,7.649645212629999e-4,gaze_duration,onestop,l44_291,0.1381118881118881,0.2674825174825175,0.17647058823529413,0.35294117647058826,0.16297662976629768,0.32287822878228783
116,-0.38957927325,-0.00133456165181675,0.0015707023186168,-0.0031479347149425,-0.0014857401926505,0.0025640113000455,-8.515180594953249e-4,-0.0020355187678675,2.45544413068e-4,-0.001645198976928,gaze_duration,onestop,l44_312,0.228515625,0.431640625,0.27344992050874406,0.4737678855325914,0.2532865907099036,0.4548641542506573
117,5.416808599225004e-4,-8.234082616649999e-4,3.468588035898e-5,-2.7136741964800006e-4,-0.002942330620865,2.9546981728500007e-4,4.046829937635e-4,0.001920185469036,4.507205340349e-4,-1.3991820236299997e-4,gaze_duration,onestop,l44_414,0.10237659963436929,0.20292504570383912,0.11734028683181226,0.3089960886571056,0.1111111111111111,0.2648401826484018
118,-0.0028212199568,0.00783738070023,7.1570418912025e-4,-0.0032538867535715,0.0027112575646525,3.8919210072399995e-4,-0.0010831434262296,-0.0022170089866675002,-0.0016547362963845,-3.3551850662424997e-4,gaze_duration,onestop,l45_135,0.07456140350877193,0.097953216374269,0.09633649932157395,0.11940298507462686,0.08585503166783955,0.10907811400422238
119,-0.05759929742875,0.011443620297275,0.00251730352411,-8.842515164575004e-5,0.009333988828825,0.0020418542683455,-0.002063069342102738,0.009364068066025,5.966182259102501e-4,-0.00261279557547925,gaze_duration,onestop,l45_415,0.17714285714285713,0.33714285714285713,0.18676337262012693,0.37624660018132366,0.18207152810032512,0.35717603344170923
120,0.16920147425,-0.00644756419202,-0.00278408611308,-0.001338007260147,0.002815549273575,-2.485629401925e-4,5.3167625917849954e-5,7.289995646399999e-4,2.748904250425003e-5,0.0011040697232695001,gaze_duration,onestop,l45_543,0.14882506527415143,0.2297650130548303,0.18488529014844804,0.20647773279352227,0.17259786476868327,0.21441281138790036
121,-0.005163133820425001,0.0023292507102825,0.001469199569149125,-0.00398980411353,0.00303776511883875,0.0024159337347549998,-7.82595097472025e-4,-0.002067997439908,-5.6320906713295e-4,-5.19031667142825e-4,gaze_duration,onestop,l46_137,0.2160392798690671,0.24877250409165302,0.1641337386018237,0.331306990881459,0.18912529550827423,0.2915681639085894
122,-0.172085116825,9.284217939375001e-4,-2.1979621537917502e-4,-0.0030380098909425,-0.004654787599225,0.0014598368789752502,5.7240231986305e-4,0.0011272132001425,9.46693073626875e-4,-9.6320666007525e-4,gaze_duration,onestop,l46_2096,0.12861736334405144,0.42443729903536975,0.17592592592592593,0.34814814814814815,0.15863689776733256,0.37602820211515864
123,-0.0107650120018,-0.0063946016201225,2.654118447450002e-5,-0.0027949963484065,0.002346355899805,0.001198888600945025,-0.00024394531871614998,-0.0056347593784224995,-6.09436289533e-4,8.635852412449997e-5,gaze_duration,onestop,l46_317,0.15384615384615385,0.41025641025641024,0.1571969696969697,0.3560606060606061,0.15569487983281086,0.38035527690700105
124,-0.23093064855,-0.006191526157489338,3.9103382260574995e-4,-8.5155489516325e-4,8.38827279524e-4,0.0016704254695,1.7292382163500003e-5,-0.0012616024363700002,-1.1379565096024998e-4,-8.921149508203875e-4,gaze_duration,onestop,l47_138,0.13406593406593406,0.18681318681318682,0.16470588235294117,0.24201680672268908,0.15142857142857144,0.2180952380952381
125,0.1133698172195,-0.002420123231476,8.470073017049995e-5,-0.00153689542016775,0.001302705530885,5.5435241127375e-4,2.8243904138249933e-5,-0.0018865194546825001,-8.184556329855e-4,-5.09575736195e-4,gaze_duration,onestop,l47_319,0.24390243902439024,0.2926829268292683,0.2697594501718213,0.36769759450171824,0.25739910313901343,0.33183856502242154
126,0.1025665458275,0.0041524002070875,0.0015486668973265,0.00130474057838125,0.0029739875835605,0.001232584068317575,-0.0014761363777653,0.0074962147489175,0.00103506371111125,-5.1528017576175e-4,gaze_duration,onestop,l47_420,0.27494199535962877,0.31786542923433875,0.29103053435114506,0.3597328244274809,0.2837696335078534,0.34083769633507854
127,-0.0017808458113000014,0.0023276996472645,-4.7206597908424955e-5,-0.00244618504605275,0.0052874393594325,0.0011838251307685,-9.736658158578749e-4,-6.713490783125e-4,-7.493716929355e-4,-6.80953177818e-4,gaze_duration,onestop,l48_140,0.2334096109839817,0.30892448512585813,0.26644182124789206,0.357504215851602,0.2524271844660194,0.33689320388349514
128,0.025889231311475,-0.004820921058348,0.00145450865636475,0.001837011109345,0.0024989171467275,0.00120893287814475,-4.1175820189625007e-4,0.0011169879444325,-2.6678297125975e-4,-5.4767661247425e-4,gaze_duration,onestop,l48_421,0.1638418079096045,0.2019774011299435,0.18683901292596944,0.18331374853113983,0.1763951250801796,0.19178960872354073
129,-0.0387284096698,-0.008061674679625,-0.00101645859377975,-0.0030005452955075,0.0027910509344049998,0.00137900978864125,-2.45823761663525e-4,-0.0027034198448675,-5.0759637636625e-4,1.5843522897825005e-4,gaze_duration,onestop,l48_535,0.08295964125560538,0.14573991031390135,0.08634538152610442,0.13453815261044177,0.0847457627118644,0.13983050847457626
130,0.204757503525,0.003674446679563,4.3683257444222497e-4,0.0057203052029525,0.0046593455676875,-9.28415660425e-4,-8.435260588804999e-4,0.010861119655775,7.1738979734275e-4,-6.303470157740001e-5,gaze_duration,onestop,l49_143,0.1968503937007874,0.3346456692913386,0.2300357568533969,0.18235995232419547,0.21752041573867856,0.23979213066072755
131,-0.09678926109949999,0.00601771788646525,0.0018059827887412499,-4.469198747e-5,-0.0083061544733,-0.00189596947379525,4.2060637153870005e-4,-0.0044645455386525,-4.6846263055200005e-4,-2.50101788207705e-4,gaze_duration,onestop,l49_424,0.09,0.13875,0.09211873080859775,0.12384851586489252,0.0911648846370287,0.1305571187394485
132,-0.0420998430888725,0.0048585077961025,0.0018322174527522499,7.67461094241e-4,0.0017435416672799998,0.0018297090577099999,-1.6600151659499997e-4,0.00361206839969,7.764614954955001e-4,-4.1473888927775e-4,gaze_duration,onestop,l49_471,0.15931372549019607,0.2107843137254902,0.19627749576988154,0.23857868020304568,0.18118118118118118,0.22722722722722724
133,-0.26969463675,0.004734653923621,1.3809377354125e-4,-0.0017998038733825,-0.00368373772705875,8.0426002842725e-4,-8.629069566199997e-5,-0.004158059519005,4.4791248948224994e-4,-5.87411713698e-4,gaze_duration,onestop,l5_179,0.148479427549195,0.23613595706618962,0.21084337349397592,0.16716867469879518,0.18233851185609157,0.19869174161896974
134,-0.083638207477,-0.0059165717709875,0.002520613689039,0.002592303302992025,0.003760708283521,-6.5827809651775e-4,-0.0017106999087335751,-0.00693566557586725,-0.001575586236044,-4.418015290223749e-4,gaze_duration,onestop,l5_332,0.12398921832884097,0.13611859838274934,0.11984021304926765,0.11584553928095873,0.12190221031480242,0.12592096450100468
135,-0.10048699430925,-0.0118339346313525,-6.442753180165e-4,-5.7334859429500084e-5,0.0028566476089042503,3.98547932168e-4,-4.6551792309999996e-4,-0.0027549544029205,-4.896534547674998e-5,3.2393633221000076e-5,gaze_duration,onestop,l5_82,0.1447811447811448,0.3939393939393939,0.11854103343465046,0.303951367781155,0.13099041533546327,0.3466453674121406
136,-0.211105710175,-0.0058595434363,0.0018210777549525,0.0010017982862525,-0.00674978106165775,-3.1483834427450003e-4,4.7660102873524996e-4,-0.005279948683074,-1.1098918629300002e-4,5.9158628989375e-4,gaze_duration,onestop,l50_145,0.14713896457765668,0.44686648501362397,0.1678726483357453,0.3068017366136035,0.16068052930056712,0.3553875236294896
137,0.061406405916575,-4.8964774570750056e-5,-0.0035340061112,-0.002703431365114,0.007685983787805,-2.0100633421399997e-4,2.2147988338624996e-4,0.01044313500775,0.001277272589136,-0.0013465435877974999,gaze_duration,onestop,l50_425,0.17474633596392333,0.45208568207440814,0.15545755237045203,0.49393605292171994,0.16499442586399107,0.47324414715719065
138,0.27404257425,-0.00318562003297875,-0.00200087363156175,-2.855044855705e-4,0.002911258464932,-1.8906656909400003e-4,3.3638625418095e-4,0.00209159079250475,-2.70587695007e-4,2.951969961865e-4,gaze_duration,onestop,l50_472,0.11684370257966616,0.10318664643399089,0.10650887573964497,0.11094674556213018,0.11161048689138577,0.10711610486891386
139,0.081506156300125,0.001202827436324865,-7.670347035249996e-5,-0.0019719098254925,3.9152133786775e-4,6.9594325830475e-4,-7.80825208976775e-4,-9.262354995802501e-4,-5.09369102481625e-4,1.1113210444125006e-4,gaze_duration,onestop,l51_147,0.11214953271028037,0.17570093457943925,0.12175324675324675,0.14123376623376624,0.11728931364031277,0.157254561251086
140,0.0975453969225,0.00533558653061,0.00105371621438075,6.83516864497501e-5,9.783222359465e-4,0.001824974977505,-6.40124880211e-4,0.00323108175702,1.9011307344674998e-4,-4.951072882547503e-5,gaze_duration,onestop,l51_429,0.18487394957983194,0.20768307322929172,0.2107481559536354,0.24868282402528977,0.19865319865319866,0.22951739618406286
141,-0.162610548625,0.0098362156731955,0.0042977566320725,-8.38872615949e-4,-0.0017433447872845001,0.0017594144119265,-9.4175465944975e-4,-0.0043837102734225,-7.827616483272499e-4,-0.001181866283994875,gaze_duration,onestop,l51_475,0.20689655172413793,0.29064039408866993,0.20501474926253688,0.3053097345132743,0.20590520590520592,0.29836829836829837
142,0.007431304099044999,0.0030602754217874998,-2.1729686647825e-4,8.49145155935e-4,-0.00222993753445,-5.036920602074999e-4,-4.7150421400179993e-4,-0.001786983743406,-3.794893949539999e-5,3.65341818462e-4,gaze_duration,onestop,l52_149,0.13144329896907217,0.3943298969072165,0.1610738255033557,0.4714765100671141,0.14939024390243902,0.4410569105691057
143,0.073680633624075,-0.001341222374986,-0.0015176048648125,0.0013296293323775,3.9476633536499994e-4,-8.90868030063e-4,1.0350949819019999e-4,9.2494226357525e-4,8.562075597650004e-5,8.7686810359215e-4,gaze_duration,onestop,l52_430,0.0886426592797784,0.3047091412742382,0.1227217496962333,0.3037667071688943,0.10679611650485436,0.3042071197411003
144,0.042746375988225,-0.013524779614,-0.0021799549655375,2.4756311597299994e-4,-0.0033733811734350003,6.859398015917501e-4,7.95545375993e-4,-8.05946344175e-4,0.001144103547376475,0.00177545522090125,gaze_duration,onestop,l52_477,0.14685314685314685,0.2191142191142191,0.15140845070422534,0.24295774647887325,0.14944834503510532,0.23269809428284854
145,0.07454217031625,-0.0019524251821199999,8.3703753276475e-4,-0.00371299006443,0.0052005473508725,0.001170997470879,-7.45562887711375e-4,-0.004975175015865,-0.001879030991750225,-7.614200380595e-4,gaze_duration,onestop,l53_150,0.20833333333333334,0.27666666666666667,0.20489296636085627,0.25076452599388377,0.2065390749601276,0.2631578947368421
146,0.03682976789407,0.0164519184575,0.00155691704797725,-2.3184314504787497e-4,0.002426637210363625,-5.389569305273425e-4,-4.61974440735975e-4,0.0052816684877225,-2.39597194685e-4,-1.08434481331725e-4,gaze_duration,onestop,l53_432,0.17659804983748645,0.3456121343445287,0.14833005893909626,0.3889980353634578,0.16177228232869656,0.3683668212261721
147,-0.03152497545135,-0.0067679718086924995,-0.001176935563145,-0.0013199417311065,-0.001823842981985,0.0014486123163195,1.6428919532665e-4,-9.69385835791e-4,9.0539238558275e-4,0.0010425061054935,gaze_duration,onestop,l53_478,0.1102514506769826,0.19922630560928434,0.12018489984591679,0.2357473035439137,0.11578044596912522,0.2195540308747856
148,0.09254426368025,0.003409028615615,-4.01232481389e-4,7.110023940820001e-4,-0.0018692689345810001,-0.00232009658413995,2.88667665878675e-4,-0.002624837860405,-0.0010354562644125,-2.6379127546924997e-5,gaze_duration,onestop,l54_151,0.0912280701754386,0.30526315789473685,0.15601965601965603,0.22113022113022113,0.1392174704276615,0.2429481346678799
149,-0.003785618381294999,-0.0044434602229975004,0.00366653007798,-0.0029120317950762525,0.00343312364675675,0.00383386349436,-0.001382425906386,-0.0020683086651175,-9.612910062715e-4,-0.00119142020491,gaze_duration,onestop,l54_479,0.10929853181076672,0.18760195758564438,0.12064676616915423,0.2835820895522388,0.11573747353563868,0.24206069160197602
150,0.18437674965,-0.0088139632957,-0.001629319872485,0.00292768135253165,-7.2172717043e-4,-9.401122972685e-4,0.001035246293111,-0.005432473944155,-2.2682766730675e-4,0.00110876492852875,gaze_duration,onestop,l54_516,0.11694152923538231,0.17391304347826086,0.15450121654501217,0.21046228710462286,0.13767629281396912,0.19408999328408327
151,-0.04041730570915,-0.007703020365425,-1.6591717472500003e-4,-0.0011196876078025,4.0685168997650015e-4,7.3601943077825e-4,-2.5341262313115e-4,-0.0037438822566207503,2.8225007621600004e-4,8.875643233987499e-4,gaze_duration,onestop,l55_157,0.1568627450980392,0.35049019607843135,0.21037037037037037,0.3466666666666667,0.1902123730378578,0.3481071098799631
152,0.3095719795,-0.0034682581593755,0.001028390978033,-9.2276816383375e-4,0.0021746466786,2.99840151055e-4,-7.117817703567499e-4,-0.0032327357908675,-0.001312539661584,6.664686397724999e-4,gaze_duration,onestop,l55_437,0.19168173598553345,0.2965641952983725,0.22342064714946072,0.5439137134052389,0.20881863560732114,0.4301164725457571
153,-0.280423856,-0.011848820411875,-1.7710781742e-4,-0.00185012746215,-1.2749467719150016e-4,0.001645976806614225,-4.614970184030006e-5,-8.8474823988075e-4,0.00122502962568,-3.8458215459975006e-4,gaze_duration,onestop,l55_519,0.16030534351145037,0.37150127226463103,0.21890547263681592,0.37645107794361526,0.19578313253012047,0.3744979919678715
154,-0.07131946619035,2.936105679312251e-4,-0.00220883995633275,1.8852371313525e-4,-0.006885771101045,-9.564799276020001e-4,0.001380762290305825,-9.737712590424999e-4,7.742958016984999e-4,9.152450656345999e-4,gaze_duration,onestop,l56_159,0.14023372287145242,0.2938230383973289,0.156794425087108,0.37746806039488967,0.15,0.34315068493150686
155,-0.030125043129025,-0.0085213028764125,-0.0025791194641575,3.264515293342501e-4,-0.0010847642329212,-6.152410592574999e-4,8.707971632557e-4,-6.213537337217502e-4,1.93575785274e-4,1.0296248324200748e-4,gaze_duration,onestop,l56_438,0.17782909930715934,0.3625866050808314,0.17486338797814208,0.40437158469945356,0.17617107942973523,0.3859470468431772
156,0.330909274,0.005200878927295,-0.0029552803595,-0.00104691165759775,0.008358943068425,-8.315284894167501e-4,-5.257621866119251e-4,0.00287683198137475,-7.616416884530501e-4,5.93115329402025e-4,gaze_duration,onestop,l56_481,0.20777027027027026,0.36655405405405406,0.23668639053254437,0.31005917159763313,0.22477383437717466,0.3333333333333333
157,-0.03546837999485,0.011128320998275,0.0023018828319975,8.238311880672499e-4,-0.0071658661391975,-8.27060057791e-4,2.008212357768001e-4,-0.0040353217762675,-3.2931386751375004e-4,4.4047971534499995e-4,gaze_duration,onestop,l57_170,0.12252252252252252,0.13153153153153152,0.12686567164179105,0.11343283582089553,0.12489795918367347,0.12163265306122449
158,0.0156758758271725,-0.0072808176505075005,1.2672449395700002e-4,-0.00270971802307,-0.0015731304630152501,0.00186628134167825,-2.5808505711697496e-4,-0.0077151380754,-6.452231540255e-4,4.2960642002449985e-4,gaze_duration,onestop,l57_2095,0.1208955223880597,0.31044776119402984,0.16228070175438597,0.2733918128654971,0.14180206794682423,0.2917282127031019
159,-0.016114426520415,-0.001332298464531,-0.0024958104218925,0.0015601509509525,0.0041135206959475,-3.747127198095e-4,6.416597818927499e-4,0.0048851282144825,7.7447084572465e-4,-5.112566970215001e-4,gaze_duration,onestop,l57_463,0.14444444444444443,0.4088888888888889,0.15031055900621118,0.4111801242236025,0.14820717131474104,0.4103585657370518
160,0.026585724338454,-0.001726439048767,0.00130413173774925,-0.0030737479849025,0.0070503418067325,0.0023214289812025,-0.0015564046394512501,8.578900686700005e-5,-0.001193994855,-0.00173490347404395,gaze_duration,onestop,l58_177,0.14285714285714285,0.45454545454545453,0.16946959896507116,0.4282018111254851,0.1561892417368762,0.44134802333117307
161,-0.196956564,0.0088539908089875,0.0026882516404675,-0.00229313794409325,0.0053449183352775,0.0013045513590308,-0.001910058972961575,-0.0012528058445632501,-0.0011914345302345,-0.0027033089275235,gaze_duration,onestop,l58_466,0.14972527472527472,0.3282967032967033,0.16731517509727625,0.3722438391699092,0.15877251501000667,0.3509006004002668
162,-0.01235173456855,0.003653363157005,-0.0023637118189474998,0.002124530112655,0.0012776310401775,-7.4622504054925e-4,3.6405970770560003e-4,0.008277454741275,0.00192206267253675,-5.7014243122749987e-5,gaze_duration,onestop,l58_483,0.1693548387096774,0.20967741935483872,0.17784877529286475,0.2534611288604899,0.17447081462475947,0.23604874919820398
163,0.155750109175,6.593730707775e-4,0.00202786370600225,-0.0012377237922900001,-0.00283055619130625,-8.560050380052501e-4,-1.3565752900812498e-4,-0.0061952898969425,-0.0010135373333952501,7.3779468356575e-4,gaze_duration,onestop,l59_293,0.19703389830508475,0.23728813559322035,0.24357034795763993,0.3373676248108926,0.22418358340688438,0.29567519858781993
164,0.0232889572331075,-0.0088707172767,-0.0030101059759935,0.0021893174519575,0.00201594519479,4.4165577284925065e-5,3.094077997685e-4,0.0052197295366175,0.00151275652053955,7.3727362055675e-4,gaze_duration,onestop,l59_485,0.16666666666666666,0.425531914893617,0.20496894409937888,0.42391304347826086,0.19330453563714903,0.4244060475161987
165,-0.03283947656685,0.00814297034245,4.9887234190015e-4,-0.0019335099775475,0.00259283597243,-1.6161202998228754e-4,4.2519577204269996e-4,8.844300167899999e-4,-8.711790168754126e-4,-0.00117061021695375,gaze_duration,onestop,l59_546,0.24829467939972716,0.3165075034106412,0.30010952902519167,0.35268346111719606,0.2770352369380316,0.33657351154313486
166,0.007059659146562499,0.00948512690135,-9.120765700687501e-4,-0.0016833647034699998,-0.006379922352891525,4.99969518725e-4,7.9174822950366e-4,0.00124667204063275,0.001192630792367,-6.4180237182375e-4,gaze_duration,onestop,l6_187,0.15085714285714286,0.184,0.16649848637739656,0.15943491422805248,0.15916398713826366,0.17095391211146838
167,0.0314495825028145,-0.0056338191598625,-9.90758933788e-4,0.002818836180019,-0.0016239734596225001,-8.1911451923125e-4,5.3961523927675e-4,0.00601563234874,0.0013919083872715,7.443885277624501e-4,gaze_duration,onestop,l6_329,0.14890282131661442,0.3605015673981191,0.13972055888223553,0.3932135728542914,0.14329268292682926,0.3804878048780488
168,-0.20918275335,0.0030664994959375,-2.3634773339750004e-4,-6.78533788245e-4,-0.003761936958554,4.057463236385e-4,-1.386713547766e-4,0.0031640868158025,8.350261448145e-4,-0.0010631073718205,gaze_duration,onestop,l6_83,0.10273972602739725,0.19006849315068494,0.1312997347480106,0.14721485411140584,0.11883408071748879,0.16591928251121077
169,-0.06745119668025,0.014711403109,0.00165952418726375,-0.00140686141434,0.0093064407839,7.276527418697e-4,-0.00108242984246725,0.0051241270446075,-8.775973317638376e-4,-9.32734054536e-4,gaze_duration,onestop,l60_190,0.06784968684759916,0.07411273486430063,0.11100746268656717,0.13992537313432835,0.09064039408866995,0.10886699507389162
170,7.244080567227482e-4,-0.00850917065659,-0.0011006373106485,-0.00159409729146125,0.0046741674791335,-7.989864116397502e-5,-7.44138315434525e-4,-0.0026159166598475002,-8.688318209695e-4,-7.042146927164999e-4,gaze_duration,onestop,l60_492,0.20640569395017794,0.3113879003558719,0.23929098966026588,0.31610044313146235,0.22437449556093625,0.3139628732849072
171,0.145889578675,-0.00970730718515,1.6064910156225e-4,1.423614682827501e-4,0.0025384598302545,4.3332145967375004e-4,2.0337204804122752e-4,-4.719022741524999e-4,-5.983311400159998e-5,3.9534197860750006e-4,gaze_duration,onestop,l60_518,0.19595645412130638,0.4494556765163297,0.21568627450980393,0.35555555555555557,0.20667613636363635,0.3984375
172,-0.11895347346245,-0.01050018196068,0.0021648950810675,-0.0015677091591424,-0.0016568082098860001,0.00145162760526975,3.572222359049001e-4,-0.005083369364325,2.9784149231299996e-4,3.8921860080274993e-4,gaze_duration,onestop,l7_199,0.11688311688311688,0.26159554730983303,0.1339155749636099,0.3071324599708879,0.1264274061990212,0.28711256117455136
173,-0.0632386049635,0.0030394752263925,5.59376945605e-4,-0.0018789116008972502,0.00282768839753975,0.00131559680642,-2.2814341966530006e-4,1.5313050336499988e-4,-5.3182166011724976e-5,-6.34706897011e-4,gaze_duration,onestop,l7_267,0.19174041297935104,0.5427728613569321,0.21041666666666667,0.6166666666666667,0.2026862026862027,0.5860805860805861
174,0.015157926164385,0.0017980272662029499,0.00123469844583025,0.002648691272987,7.373496454975e-4,-2.45057600397e-4,-2.624083664325e-4,0.00187463805876575,2.08116197838e-4,1.9623613039947496e-4,gaze_duration,onestop,l7_336,0.16044776119402984,0.17350746268656717,0.1791530944625407,0.1449511400651466,0.17043478260869566,0.1582608695652174
175,-0.180377200975,0.0026416391656737498,4.9803960229e-4,-8.195459411525001e-4,-0.0075049356936724996,-0.001067201205345,5.336134747892e-4,-2.9494812467000003e-4,5.61526472254375e-4,-0.0010507758326927501,gaze_duration,onestop,l8_200,0.12298682284040996,0.383601756954612,0.13302752293577982,0.4369266055045872,0.12861736334405144,0.4135048231511254
176,0.0525069327273,-0.00392590280953825,-5.354139772225e-4,0.00333510913772975,0.0031269711469275,2.6173090712199997e-4,-2.40478758003e-5,0.0017228073886924999,5.2588031056075e-4,0.0014422958528432501,gaze_duration,onestop,l8_268,0.132013201320132,0.41914191419141916,0.1240981240981241,0.455988455988456,0.12779060816012316,0.4387990762124711
177,-0.056107778493825,-8.371575615175001e-4,4.030032845769499e-4,-0.00124907274553,-0.00364492645924,6.5644305349675e-4,4.8958863375915e-4,-4.9015818662500005e-5,2.434824616464e-4,-5.795725532935e-4,gaze_duration,onestop,l8_339,0.1550632911392405,0.1629746835443038,0.20107962213225372,0.2564102564102564,0.1798980335032775,0.213401310997815
178,0.084460435651,-0.009247392602515,-6.2043480002575e-4,0.00704386141315,0.00844390953165,-0.0022671759182525,-2.6886561753675e-4,0.0038957520207425,-1.9070488566035003e-4,1.349221002005e-4,gaze_duration,onestop,l9_201,0.13992537313432835,0.20522388059701493,0.18126888217522658,0.2175226586102719,0.16277128547579298,0.21202003338898165
179,-0.043613532598035,-0.008152204460325,-0.00298526711076875,-8.365642168712499e-4,-0.0015039979947144998,-7.275320153199001e-4,7.588780154257557e-4,-5.046629470000001e-4,5.755244561053e-4,4.5909512276425e-4,gaze_duration,onestop,l9_340,0.12987012987012986,0.35435992578849723,0.14366197183098592,0.26901408450704223,0.1377101681345076,0.3058446757405925
180,-0.21396390675,-0.00864577778407,-0.001120077211845,-0.00418880521786,0.00434727838813175,0.0018663183393975,-1.5607308533292506e-4,-0.002337245149055,1.6064501175750006e-4,-4.9294845396275e-4,gaze_duration,onestop,l9_491,0.16030534351145037,0.34096692111959287,0.1748971193415638,0.43209876543209874,0.16837315130830488,0.391353811149033
1,0.19297873242923336,4.394085596765275e-4,-0.01484513605580435,2.3932817567188676e-4,-0.004595859640800513,0.01075641697941132,2.5236503655701555e-4,-0.004714049543598645,0.01315924064527458,6.488637112634348e-4,gaze_duration,potec,s0,0.16317991631799164,0.19386331938633194,0.13486370157819225,0.1836441893830703,0.1492220650636492,0.18882602545968882
2,-0.1218803389388219,-0.011669894197298114,0.016778520862877826,-0.001167363525957649,0.01005547190285195,-0.012303118670554218,-6.528506470384442e-4,0.00541856501092092,-0.011012370432284464,6.187498453533634e-4,gaze_duration,potec,s1,0.28326745718050067,0.2635046113306983,0.30739299610894943,0.2814526588845655,0.2954248366013072,0.2725490196078431
3,0.125517301109131,0.009330539030745424,-0.00437787061013889,5.476447321373513e-4,-0.0050686285697427785,0.007842966855239913,3.540700722060433e-4,-0.004655578421217017,0.007890883229701384,0.0014930932830472053,gaze_duration,potec,s2,0.19066666666666668,0.14,0.20293724966622162,0.19759679572763686,0.19679786524349566,0.16877918612408271
4,-0.3009484388024921,0.003860766889986152,0.0039244549499122755,-4.1696700164211604e-5,7.732407306304047e-4,0.002427730074160969,-3.1082734891499305e-4,-1.8475343751922125e-5,-0.0039070797503894285,-0.002039861747456714,gaze_duration,potec,s3,0.09329829172141918,0.15768725361366623,0.09815078236130868,0.1379800853485064,0.09562841530054644,0.148224043715847
5,-0.12602123949294147,-0.014341931566584068,-0.010275314719712,-8.060426082813842e-4,-0.00531080186930772,0.0045536630881149376,-1.3904394325797492e-4,-0.004182293112605353,0.005097024346824566,4.65858772198908e-4,gaze_duration,potec,s4,0.15781710914454278,0.2374631268436578,0.16691285081240767,0.27326440177252587,0.16236162361623616,0.25535055350553504
6,0.2414652810954772,0.00714977866790114,-0.020720093814387042,0.0013063809897036632,-0.005719996588112882,0.013622865848003757,4.6938566149428167e-4,-0.006862976130790941,0.008240671931891548,0.0016441846306911297,gaze_duration,potec,s5,0.17051282051282052,0.24358974358974358,0.22531645569620254,0.22025316455696203,0.1980891719745223,0.2318471337579618
7,0.01351582186210196,0.0046249168729375284,-0.011589684506185144,6.820952929337724e-4,-0.001621133670148108,0.003872249884179649,1.9718554381981633e-4,-0.0034183667786758607,-2.3317253867899898e-5,0.001505807831493306,gaze_duration,potec,s6,0.15584415584415584,0.18311688311688312,0.18289473684210528,0.1986842105263158,0.169281045751634,0.19084967320261437
8,0.030224815761408005,0.0023168278328391965,0.0034899729619260016,-7.583363907324042e-4,-0.0033838199189840496,0.0011476358992374117,2.5566263368111933e-4,0.0024330219433647713,-0.002796487522084246,-0.0014526332094269955,gaze_duration,potec,s7,0.2125984251968504,0.19028871391076116,0.22556390977443608,0.21679197994987467,0.21923076923076923,0.20384615384615384
9,-0.020784642560220147,-0.0037989704635783004,0.015814143438275866,-3.92201619499292e-5,8.581265042509785e-4,8.793557346962125e-4,3.011292962832909e-4,-8.259934822296982e-4,-0.005981464727338488,0.0013996737343199925,gaze_duration,potec,s8,0.2140127388535032,0.20764331210191084,0.23529411764705882,0.1969309462915601,0.22463305679642628,0.20229738353541799
10,-0.014550324748419158,-0.004166956193394558,0.008158428711624833,-7.682550531663239e-4,0.0023073550745687996,-0.005400420992247443,-4.0941005561604267e-4,0.00384684481787704,-0.007056231773546718,-5.484056046451953e-5,gaze_duration,potec,s10,0.2512820512820513,0.23717948717948717,0.24289405684754523,0.2248062015503876,0.2471042471042471,0.231016731016731
11,0.07326383610369909,-0.006204289068105096,0.007163702054262591,-4.1286088798955064e-5,-0.003913198204227665,0.007742604936564217,5.210458161263937e-4,-0.0011201425020947382,0.009816127092888826,0.001446317484950435,gaze_duration,potec,s12,0.16098226466575716,0.25648021828103684,0.1875,0.24444444444444444,0.17412250516173433,0.2505161734342739
12,0.21558703682161942,-0.015921925375571543,0.020513989429109893,-7.737822254552592e-4,0.004548030888656849,-0.005992269032332966,-1.7029562722293932e-5,0.005145763286730805,-0.002779061819712068,2.2572927103940506e-4,gaze_duration,potec,s13,0.25256410256410255,0.191025641025641,0.2900378310214376,0.2471626733921816,0.27145581691036236,0.2193261284170375
13,-0.002934853526931039,0.009055108989290519,0.02431308641377985,2.9904505088101383e-5,0.009873932072554976,-0.011955522499294444,-2.7737562804637056e-4,0.0037190020673050954,-0.002914336384774001,-2.6562774680167214e-5,gaze_duration,potec,s14,0.17295980511571254,0.12667478684531058,0.1642156862745098,0.07965686274509803,0.1686010995723885,0.1032376298106292
14,0.0016576196795545681,-1.4895804786543956e-4,0.006014690310066527,-1.2434468509459328e-4,-0.0031151213592069808,0.002240657990115655,1.6119481131281362e-4,0.0015893680662879138,0.00743772891659444,-9.911515095943786e-4,gaze_duration,potec,s15,0.1222366710013004,0.2093628088426528,0.2153846153846154,0.18974358974358974,0.16914138153647515,0.19948353776630084
15,-0.01954821844243084,0.0034349336146060833,-0.014319118936589388,7.847475311399564e-4,-0.006044425604576065,0.013708774849087458,3.432941150378267e-4,-0.00767005368101221,0.003775472749080853,0.0027389362261563007,gaze_duration,potec,s16,0.13593539703903096,0.2920592193808883,0.13850415512465375,0.24930747922437674,0.1372013651877133,0.27098976109215017
16,0.18816445158417688,-0.006225850948531764,9.641215746812465e-4,-3.400482862522301e-5,0.0018634912940210418,0.002227601108388184,-3.1124541690479506e-4,4.904119611788828e-6,0.009985949041281318,0.0020077016979082535,gaze_duration,potec,s17,0.1697860962566845,0.13903743315508021,0.19235836627140976,0.18840579710144928,0.18115461181154613,0.1639017916390179
17,0.06365121931146132,-0.0021156783164195257,-0.007891667114414311,2.8091436322863174e-4,-0.005040598577000464,0.009025541261270658,2.882140351192874e-4,-0.003920758116562111,0.013465327642170587,0.0011397424534484175,gaze_duration,potec,s18,0.10751295336787564,0.211139896373057,0.11081794195250659,0.17678100263852242,0.10915032679738562,0.19411764705882353
18,0.036200066012276703,0.0021842927738570522,-0.007805167589227743,-2.1312947618108726e-4,-0.0019331691618752376,0.0022332256316993856,2.9867945993413797e-4,-4.51871376306375e-4,0.0030523405285734057,-3.186511522005798e-4,gaze_duration,potec,s19,0.15239294710327456,0.47732997481108314,0.16688741721854305,0.43973509933774835,0.1594577146546159,0.4590058102001291
19,-0.056906239750239916,-0.0038140423735855693,0.017521222706603393,-5.790286840098821e-4,0.006026856603211896,-0.011829921681956209,-4.156588675992167e-4,0.006855272417342793,-0.015184641513345632,-0.001983729643767176,gaze_duration,potec,s20,0.14634146341463414,0.2780487804878049,0.180622009569378,0.2595693779904306,0.1636473429951691,0.26871980676328505
20,-0.052844213669771004,-0.0036624600935278822,-0.00438244710989658,-1.4862636244882273e-4,0.0015652105730426266,-0.002830026586016744,-4.319698028790035e-4,4.6772873347426634e-4,-0.0019351206039440747,-1.1661079936254161e-4,gaze_duration,potec,s22,0.1083223249669749,0.2628797886393659,0.13178294573643412,0.1937984496124031,0.1201828870019595,0.2279555845852384
21,0.01602770122847594,0.0017217226200798943,-0.006728890133999345,8.199554636234395e-5,0.0028950416757703235,-0.005448903213500872,-2.603481480250237e-4,0.005276010890206296,-0.007170543846188003,-0.001996024744612281,gaze_duration,potec,s23,0.16835443037974684,0.1962025316455696,0.1622340425531915,0.15824468085106383,0.16536964980544747,0.17769130998702984
22,0.0703165945884185,-0.002998258073435882,-0.004699438952283058,9.256972533046682e-5,0.002277358512495256,-0.0022168166618129325,-3.3080995387211535e-4,7.809318198907957e-4,-8.097332424727546e-4,3.4968260782529295e-4,gaze_duration,potec,s30,0.15335051546391754,0.21649484536082475,0.16243654822335024,0.24111675126903553,0.15792838874680307,0.2289002557544757
23,0.014158392956289857,-0.004113408772507806,-0.016818759468556925,7.146642804231444e-4,-0.005285119470442872,0.009227936446385594,1.8523322047152985e-5,-0.004097027669122461,0.006584600327388878,5.61613479363299e-4,gaze_duration,potec,s31,0.1814621409921671,0.22323759791122716,0.19480519480519481,0.23636363636363636,0.18815104166666666,0.22981770833333334
24,0.03637267961181044,0.008817799640986659,-0.01701673424450087,2.406585570059333e-4,-0.003377481400644764,0.003135679290654734,4.071192970489859e-4,-0.003301177069820497,9.190584381791229e-4,1.413171266123771e-4,gaze_duration,potec,s32,0.21601016518424396,0.18297331639135958,0.22727272727272727,0.24155844155844156,0.22157996146435452,0.2119460500963391
25,-0.08517014710188581,0.004666823078608191,0.006555444883771582,8.796387594201808e-4,-0.001085034502598343,9.216466260310561e-4,2.2488550564752938e-4,-4.5949692582509757e-4,-3.4463816154359396e-4,-3.1677926094749077e-4,gaze_duration,potec,s34,0.18341708542713567,0.1984924623115578,0.13583441138421734,0.08667529107373868,0.15997450605481198,0.14340344168260039
26,0.0955855746546294,-0.015106311058228098,0.007713522123033459,-5.977551662792886e-4,0.001608422893455732,-0.0022234913718007948,-3.9285403403100907e-4,0.002226437784874827,3.287591062097946e-4,4.459009380257875e-4,gaze_duration,potec,s35,0.2363150867823765,0.315086782376502,0.25101214574898784,0.23751686909581646,0.2436241610738255,0.276510067114094
27,-0.06853045132117037,0.0034832766452697886,-0.012282659640166352,1.1705301258313758e-4,-0.0068690187438953726,0.009226810221049314,2.0837166707767156e-4,-0.0046227419297110274,0.005142572676986027,1.4655461691907674e-4,gaze_duration,potec,s36,0.13195548489666137,0.12400635930047695,0.1437037037037037,0.13333333333333333,0.13803680981595093,0.12883435582822086
28,-0.11242998628257138,-0.014481579718543143,8.16520688665872e-4,-4.3541436186297623e-4,-0.005257489986625166,0.008496923862261568,-2.604924424530369e-5,-0.0021727907716625455,0.006599230967458135,2.8864150284801384e-4,gaze_duration,potec,s37,0.20625889046941678,0.29160739687055476,0.19549929676511954,0.3150492264416315,0.20084865629420084,0.3033946251768034
29,0.08560976848259737,-0.004542945457943855,-0.0040989509313654575,3.960848198697297e-5,0.006995266199982691,-0.004036316047056054,-5.050520856545972e-4,0.003033434577291533,-9.613312416940016e-4,4.6065809564897146e-4,gaze_duration,potec,s38,0.28294573643410853,0.23385012919896642,0.2894736842105263,0.23809523809523808,0.2862595419847328,0.2360050890585242
30,0.11553699080426094,0.008890970087125744,0.010495772163213865,7.490449949546532e-4,-1.664567001624184e-4,7.975326309691852e-4,1.2443673336992502e-4,3.5204238020868073e-4,1.614774927623183e-4,1.3498963317481536e-4,gaze_duration,potec,s39,0.17015706806282724,0.168848167539267,0.14505776636713735,0.08729139922978177,0.1574854180168503,0.12767336357744652
31,0.14253452308910947,-0.0020035833278812826,0.011771003717979827,-3.0009168001895087e-4,-0.005702826105550925,0.007430511312183325,5.443305199468585e-4,-0.0014297617679382957,0.005496590693536,4.6942575336237757e-4,gaze_duration,potec,s40,0.23958333333333334,0.19791666666666666,0.19157088122605365,0.3116219667943806,0.21534493874919408,0.2553191489361702
32,0.09926698265015932,0.017312565547241875,-0.004521723082782427,5.876545420357952e-4,-0.0017690789141520098,0.0031729287637794574,1.1741874309252445e-4,-0.0018998109369528712,6.857952100449957e-4,6.259125705663195e-5,gaze_duration,potec,s41,0.1768617021276596,0.09973404255319149,0.2206896551724138,0.12137931034482759,0.1983750846310088,0.1103588354773189
33,0.06595288475565682,0.021473517010030016,4.189085778066303e-4,8.661868398232825e-4,0.007393724936376044,-0.012949093749961543,-2.452935124433205e-4,0.0031843476235037045,-0.015358724891960017,-6.969474945606951e-4,gaze_duration,potec,s60,0.12265331664580725,0.09011264080100125,0.08921438082556592,0.04660452729693742,0.1064516129032258,0.06903225806451613
34,0.013543570503620745,0.006920341133016418,-0.007580489844191052,2.9061935901975033e-4,0.004120941800610173,-0.004094600550780304,-2.990819016982279e-4,2.488461051906053e-4,-0.0028098109583149775,-7.501622866369947e-5,gaze_duration,potec,s61,0.18542199488491048,0.149616368286445,0.1926605504587156,0.15072083879423329,0.1889967637540453,0.15016181229773462
35,-0.0031796977883747565,3.588608736711339e-4,0.0016093365164094823,-1.3612711918032104e-4,4.7971939314483947e-4,3.4746763200738367e-4,-2.283941194092908e-4,-0.0010948051771543098,0.003572048338078136,4.3959092477682745e-4,gaze_duration,potec,s62,0.14432989690721648,0.20231958762886598,0.1361760660247593,0.21458046767537828,0.14038589487691283,0.20825016633399868
36,0.050613754381990776,0.011610605470717598,-0.01664086561571902,2.983022707281755e-5,0.003286036936030175,-0.00797077358040961,-2.472781602267749e-4,-7.125557764824632e-4,-0.005735432236087292,0.0010885854852127628,gaze_duration,potec,s63,0.07446808510638298,0.0398936170212766,0.061855670103092786,0.036818851251840944,0.06848357791754019,0.03843466107617051
37,-0.007124864085419979,-0.003951032548626651,0.01828846380760872,-9.408639428397904e-4,0.00960394358748876,-0.017831124411105206,-6.04853597290696e-4,0.008836505634686494,-0.008602077181050608,-0.0013214062174317345,gaze_duration,potec,s64,0.3368146214099217,0.31723237597911225,0.31016042780748665,0.26871657754010697,0.3236459709379128,0.29326287978863935
38,-0.1112243721125136,-0.002634818522345438,0.020422658193043876,-7.057525765186088e-4,0.0032796295049264254,-0.007672877518185797,-4.567238467205514e-5,0.004405635393547495,3.6497387389803157e-4,-0.0012891198746187607,gaze_duration,potec,s65,0.18952618453865336,0.17331670822942644,0.1640625,0.20182291666666666,0.1770700636942675,0.18726114649681527
39,-0.07427698882793562,-0.009244009208020503,0.007277062598828789,6.305651772535655e-5,-7.449141208734997e-4,0.004620724826249931,1.9921519235713067e-4,-5.374941255679864e-4,0.004769080337394544,1.9514979028476985e-4,gaze_duration,potec,s66,0.06557377049180328,0.06393442622950819,0.06688417618270799,0.11582381729200653,0.06623058053965658,0.08994276369582993
40,-0.10192349175404178,-0.004136349535722839,-0.018597620020324914,5.201312887498498e-4,-0.007833223765363129,0.010643286945590266,3.408006777043773e-4,-0.006456075506548529,0.010616057447786178,4.6677696537647415e-4,gaze_duration,potec,s67,0.17920656634746923,0.3378932968536252,0.15944055944055943,0.36083916083916084,0.169432918395574,0.34923928077455046
41,-0.07253345293564141,0.0146686199260627,0.005366638976039315,5.845189973211775e-4,-0.002901547851623318,0.006219908992175696,5.048071836114221e-4,-6.482973488521631e-4,-0.0022436600040423803,-0.0018457728699213956,gaze_duration,potec,s68,0.21755253399258342,0.16069221260815822,0.17981888745148772,0.1591203104786546,0.19911504424778761,0.15992414664981036
42,0.08682795161154272,0.009845635096253014,0.0032612774743667585,2.1039774180199125e-4,0.012938134689212075,-0.016991906101488,-3.4982914288568816e-4,0.007989607804760476,-0.01363543805196083,-1.2577133500562366e-4,gaze_duration,potec,s69,0.16807738814993953,0.1717049576783555,0.16,0.1525,0.16410571604179472,0.1622618315918869
43,0.04788014308248844,0.002611991435520772,-0.014925555178582222,8.384252545749901e-4,-0.009192629729418384,0.015699777412891535,4.980238098018729e-4,-0.010225278847521505,0.01206790473724384,0.003138217475281129,gaze_duration,potec,s70,0.1467236467236467,0.1452991452991453,0.12835820895522387,0.1417910447761194,0.1377551020408163,0.14358600583090378
44,-0.1802573797740474,-0.010686228347231643,0.01172279755402091,-7.767843926717199e-4,0.0018277299255748738,-3.715583539743716e-5,8.605887235055142e-5,0.0013274209849325873,0.003562294471068433,-1.4796224332558667e-4,gaze_duration,potec,s71,0.32142857142857145,0.31613756613756616,0.2675438596491228,0.29239766081871343,0.29583333333333334,0.30486111111111114
45,0.03886253871209866,0.014387445811652112,-0.01758347481495777,7.321328903493966e-4,-0.0024804528633889066,0.002187870672634398,7.906681432322325e-5,-0.0027376903094349773,7.929675206721518e-4,-0.0012229364930200295,gaze_duration,potec,s72,0.1664564943253468,0.11475409836065574,0.18437900128040974,0.11651728553137004,0.17534942820838628,0.1156289707750953
46,0.3038291475148045,-0.003178833551337316,-0.004859952456035292,-1.8957812992865318e-4,0.006309486937018407,-0.012602773756292531,-6.714018026450701e-4,0.005116461318865886,-0.010619528266836301,4.691687778225535e-4,gaze_duration,potec,s73,0.20757020757020758,0.2698412698412698,0.2440251572327044,0.15220125786163521,0.2255266418835192,0.21189591078066913
47,0.09132094681867553,-0.0021978917462047616,0.0022752939622407023,-7.589724951285101e-5,0.0073550640753533535,-0.009148210774102527,-1.755558460706101e-4,0.0029610594283754075,-0.005071506563591133,-0.0012040121113978863,gaze_duration,potec,s74,0.233201581027668,0.2648221343873518,0.19733333333333333,0.26266666666666666,0.21537442014579192,0.2637508283631544
48,-0.07215958076676432,-0.012661257947857617,-0.007289200649886355,-0.0012153961997297606,0.0022331821025865354,-0.0040557437245056826,-5.978100432521925e-4,0.0021570099735100626,-0.005706097964450374,-1.1498355505265139e-4,gaze_duration,potec,s75,0.2849462365591398,0.23521505376344087,0.2473919523099851,0.19225037257824143,0.26713780918727914,0.21484098939929328
49,-0.010706504419397153,-0.0017998077279621448,0.0031379556648376923,-1.1836768376892532e-4,-5.594217309591946e-4,0.004210124201464638,2.542749109683287e-4,1.114848089068715e-4,0.005276779569390995,-3.221941913907074e-4,gaze_duration,potec,s76,0.17959183673469387,0.18639455782312925,0.16473988439306358,0.16040462427745664,0.1723896285914506,0.17379117028731605
50,0.04773374182955323,6.513639618386063e-4,-6.531413030140684e-4,-7.248368445114328e-5,0.005561970265809192,-0.010349654391851797,-0.00025332518426181923,0.004404024193368812,-0.011548234789248235,-0.0016787011583860427,gaze_duration,potec,s77,0.20173267326732675,0.17202970297029702,0.19638242894056848,0.15374677002583978,0.19911504424778761,0.16308470290771176
51,-0.08300183976855986,-0.019789617252407153,0.01275697465518445,-0.001063803010144697,0.002788719918516772,-0.0033151553582452865,-4.1391945721794466e-4,0.00270856205232281,-0.001031360276197381,7.709072120160464e-4,gaze_duration,potec,s78,0.26322751322751325,0.3373015873015873,0.25,0.26580459770114945,0.2568870523415978,0.30303030303030304
52,0.014521830107938626,0.004132536423380919,0.0014859430990308332,-2.207170338644721e-4,0.0028932918367776286,-0.00942458166619367,5.345160077987898e-5,0.00368287128442567,-0.006196361374278973,-0.0013240529771678243,gaze_duration,potec,s79,0.1545338441890166,0.1277139208173691,0.1394736842105263,0.11315789473684211,0.1471160077770577,0.12054439403758911
53,0.011213136780072689,0.01335287005371859,0.008790825167415008,-5.266350054526569e-4,0.003815074992180227,-0.016388240493817655,-2.2549911810119299e-4,0.005207567194865353,-0.016956040749303493,-1.4227279421284e-4,gaze_duration,potec,s80,0.06,0.09875,0.06701030927835051,0.08891752577319588,0.06345177664974619,0.09390862944162437
54,-0.19673464244945424,-0.005551352373938637,0.024204800443878804,-6.014563832895379e-4,0.005605151941673259,-0.009205484728719165,-4.477569914271536e-5,0.006139684157176958,-0.009400105834044728,-0.0013129869627546678,gaze_duration,potec,s81,0.19386503067484662,0.17423312883435582,0.16903225806451613,0.17290322580645162,0.18176100628930816,0.17358490566037735
55,-0.08262416763788609,9.01857610242184e-4,-0.01789476735664029,3.0133034531941986e-4,-5.958346230956e-5,0.005324561761492818,1.8951331915517607e-4,-0.006487740487063201,0.012496199632066196,0.0021720623994698216,gaze_duration,potec,s82,0.24405506883604505,0.20150187734668334,0.20485175202156333,0.1495956873315364,0.22517845554834523,0.1765087605451006
56,0.18442229223093584,0.012548823380799464,0.0034822323393289166,2.1277682370838557e-4,-0.006359884124158841,0.007756760461319688,7.418074534547263e-4,-0.004123452688729281,0.005330151935912518,5.902940353120533e-4,gaze_duration,potec,s83,0.11481481481481481,0.17530864197530865,0.11125654450261781,0.168848167539267,0.11308767471410419,0.1721728081321474
57,-0.066423146316114,0.009265195615044198,-0.0049522767767411074,5.011427316014425e-4,-2.2159757166879702e-4,1.2731432411074942e-4,4.762726987934655e-5,-0.0029096738800424085,-1.0560205646256112e-4,-7.343370559197877e-4,gaze_duration,potec,s84,0.10064516129032258,0.13806451612903226,0.0850480109739369,0.13854595336076816,0.09308510638297872,0.13829787234042554
58,0.04958270716566991,-0.0022604605779094366,-0.004943555033477489,4.5135574019697757e-4,-0.002632232889844525,0.005963487678221639,-3.2301902684443566e-5,-0.0018622874083807838,0.003130545380042333,7.99361351991179e-6,gaze_duration,potec,s85,0.16407355021216408,0.19801980198019803,0.16095890410958905,0.1797945205479452,0.16266460108443068,0.18977536793183578
59,0.04959388235400827,9.226629408196333e-5,-0.02322785507714118,2.494742437970463e-5,7.326058820447927e-4,-0.0028708130586569706,-3.8690743860128005e-4,-0.002204986788376562,-0.0026690589076711338,5.903218564798353e-4,gaze_duration,potec,s87,0.15724137931034482,0.19724137931034483,0.15056818181818182,0.15482954545454544,0.15395381385584325,0.17634709587123862
60,-0.12649956255288144,-0.013699249630779087,0.018530211743335932,-0.0014888451631289662,0.005603008722832736,-0.010435300936454664,-5.800021151966877e-4,0.005057604079534286,-0.006270405708418324,-7.123409382470779e-4,gaze_duration,potec,s90,0.3283395755305868,0.3882646691635456,0.3475452196382429,0.3785529715762274,0.3377777777777778,0.3834920634920635
61,-0.17392767171871537,-0.006746329883529108,0.015050786767640606,-2.1786021218963517e-4,0.0031001062482300793,7.166222395009803e-4,-3.201035563637346e-4,0.0024748232983886034,0.0012240903511565322,-1.8176434502683255e-4,gaze_duration,potec,s91,0.15354330708661418,0.17585301837270342,0.11700680272108843,0.18095238095238095,0.13560454241816966,0.17835671342685372
62,-7.012899191282455e-4,-0.012609694491543507,-0.0316254225804775,6.575060802180554e-4,-0.009082891245885748,0.01619195820508486,3.266909637748653e-5,-0.006930563107491006,0.01219007505985862,0.00109637824735146,gaze_duration,potec,s92,0.17580872011251758,0.11954992967651196,0.17397881996974282,0.1346444780635401,0.1749271137026239,0.12682215743440234
63,0.002836541488327479,0.004820305172171934,-0.01791449130012606,0.0012429532490681914,-0.010177118450505044,0.01794638942760124,6.734903974440949e-4,-0.007309441913209791,0.011907860396622118,8.529972529003051e-4,gaze_duration,potec,s93,0.125,0.14095744680851063,0.13314840499306518,0.1262135922330097,0.12898845892735913,0.13374066530889342
64,-0.06577632320129151,-0.0032648493897089533,-0.005939702725843857,3.551834669315251e-5,0.0020858176550523086,-0.003872157778666887,-4.1306487155161694e-4,6.701100240628196e-4,-0.002917225118731097,-2.115859527218763e-4,gaze_duration,potec,s94,0.10863874345549739,0.19895287958115182,0.1032171581769437,0.1903485254691689,0.10596026490066225,0.1947019867549669
65,8.848887397646222e-4,0.010347494068258392,-0.011518610798349893,3.8578082664819153e-4,-3.666015545096675e-4,0.0015450104395693179,-9.873254959981514e-5,-0.0017168783615136528,1.0969166766631735e-5,-1.027983005799804e-5,gaze_duration,potec,s95,0.19347037484885127,0.16928657799274485,0.16361416361416362,0.20512820512820512,0.17861482381530985,0.18712029161603888
66,-0.05769010175337414,0.010680181150485689,0.006849402508923701,-3.527773942130029e-4,0.00696951806809991,-0.014501785445386656,-4.961157909840317e-4,0.004007002618956706,-0.011665328426643168,-0.001065017953500999,gaze_duration,potec,s96,0.19471153846153846,0.13221153846153846,0.18942189421894218,0.13530135301353013,0.19209726443768996,0.1337386018237082
67,-0.09714133713458338,-0.008154373804933524,0.013944111136905761,-6.125670111687398e-4,-0.004024073730967707,0.0036401772337792218,1.754482004221808e-4,-4.617800835711222e-4,0.0025438452409782997,-2.097963651760379e-4,gaze_duration,potec,s97,0.18906942392909898,0.16100443131462333,0.1801526717557252,0.1435114503816794,0.18468468468468469,0.1524024024024024
68,-0.07968590010443827,0.013829378661191591,-0.00741399066411206,0.0010869744276119525,-0.004268206843971175,0.007851763543905496,5.326386082471255e-4,-0.0037127561419216496,0.003822928818589094,-1.2321869216855972e-4,gaze_duration,potec,s98,0.11636828644501279,0.14194373401534527,0.13386880856760375,0.13654618473895583,0.1249182472204055,0.1393067364290386
69,-0.15845084540276608,-0.008009251073468648,0.0358613585205829,-2.3505575927695407e-4,0.001418619617696843,-3.842959654700987e-4,3.2168846571664465e-4,0.003675530142032361,4.7805105651498026e-4,-4.765095924570503e-4,gaze_duration,potec,s99,0.23241206030150754,0.2701005025125628,0.22483660130718955,0.25620915032679736,0.22869955156950672,0.26329276105060856
70,0.13450045797658527,0.0026575017116518,-0.005178484710888547,2.4832860882299546e-4,-0.003792939931875792,9.09913590054102e-4,2.3795099897013934e-4,-0.001964657072588352,-1.1965726972140352e-4,1.9070637719074374e-4,gaze_duration,potec,s100,0.17273954116059378,0.08502024291497975,0.15549215406562053,0.0884450784593438,0.16435506241331485,0.08668515950069348
71,-0.21309269720201487,0.0022998057200625394,0.0016890585077241462,-3.502243171821474e-4,-0.0014624751455918578,0.0021227037577065855,3.264052656805945e-4,-7.536528337142083e-4,5.020418775150078e-4,-5.545575600576945e-4,gaze_duration,potec,s101,0.1016949152542373,0.2288135593220339,0.10147058823529412,0.18529411764705883,0.10158501440922191,0.207492795389049
72,0.033228964342936734,-0.003572196949478198,0.006133529865369961,-6.874067115082784e-4,1.5283136044347428e-4,-0.0029453436815649455,-6.408357703318017e-5,0.0011538910697099349,-0.0018152782704034568,-1.7806080241502707e-4,gaze_duration,potec,s102,0.18823529411764706,0.16601307189542483,0.20316622691292877,0.1503957783641161,0.19566644780039397,0.1582403151674327
73,0.024578419658392622,2.928840199573451e-4,-0.004104105538972342,5.932497502944011e-4,-0.003496377469649475,0.0017500637938117024,8.826172195720212e-5,-0.0019624336774622148,3.281617878615167e-4,-3.735685203730469e-7,gaze_duration,potec,s103,0.13257575757575757,0.2537878787878788,0.17222963951935916,0.14285714285714285,0.1518494484101233,0.199870214146658
74,-0.07048165720169837,-0.01180884452304789,9.291766607508727e-4,-6.896096103910725e-5,0.0010738955771610477,-0.0016851438394594334,-4.046545288627024e-4,9.547278063866525e-4,-2.8029497327997007e-4,4.561102898460183e-5,gaze_duration,potec,s104,0.1836734693877551,0.18095238095238095,0.18035190615835778,0.15542521994134897,0.18207480592801695,0.16866619618913198
75,-0.04628086111484493,0.009003624842136347,0.005250787507010825,6.484832447472348e-4,-5.003249133397545e-4,1.1236039129634414e-4,3.23335737358523e-4,-4.0002879935704537e-4,-9.311358315216199e-4,-2.8407728676673355e-4,gaze_duration,potec,s105,0.12064676616915423,0.31467661691542287,0.10438144329896908,0.23969072164948454,0.11265822784810127,0.27784810126582277
